Workbook

Sheet Dim
C3: modelo | D3: Valores
C4: vrp_100 | D4: vrp_100 | E4: vrp_20 | F4: vrp_20 | G4: vrp_50 | H4: vrp_50
A5: Set | B5: name | C5: GAP vrp_100 | D5: duration vrp_100 | E5: GAP vrp_20 | F5: duration vrp_20 | G5: GAP vrp_50 | H5: duration vrp_50 | I5: best gap | J5: total time
A6: A | B6: A-n32-k5 | C6: =Analise_Instancias!L2 -> 0.062524056 | D6: =Analise_Instancias!M2 -> 3.2406287 | E6: =Analise_Instancias!F2 -> 0.01069065 | F6: =Analise_Instancias!G2 -> 2.458679 | G6: =Analise_Instancias!I2 -> 0.061842549 | H6: =Analise_Instancias!J2 -> 3.4842 | I6: =Analise_Instancias!O2 -> 0.01069065 | J6: =Analise_Instancias!Q2 -> 9.1835077
A7: A | B7: A-n33-k5 | C7: =Analise_Instancias!L3 -> 0.10539534 | D7: =Analise_Instancias!M3 -> 3.5166168 | E7: =Analise_Instancias!F3 -> 0.020963776 | F7: =Analise_Instancias!G3 -> 1.9951878 | G7: =Analise_Instancias!I3 -> 0.019843443 | H7: =Analise_Instancias!J3 -> 3.653559 | I7: =Analise_Instancias!O3 -> 0.019843443 | J7: =Analise_Instancias!Q3 -> 9.1653636
A8: A | B8: A-n33-k6 | C8: =Analise_Instancias!L4 -> 0.047760832 | D8: =Analise_Instancias!M4 -> 3.5166168 | E8: =Analise_Instancias!F4 -> 0.027729456 | F8: =Analise_Instancias!G4 -> 1.9951878 | G8: =Analise_Instancias!I4 -> 0.0034561363 | H8: =Analise_Instancias!J4 -> 3.653559 | I8: =Analise_Instancias!O4 -> 0.0034561363 | J8: =Analise_Instancias!Q4 -> 9.1653636
A9: A | B9: A-n34-k5 | C9: =Analise_Instancias!L5 -> 0.012121362 | D9: =Analise_Instancias!M5 -> 3.6198652 | E9: =Analise_Instancias!F5 -> 0.031864902 | F9: =Analise_Instancias!G5 -> 1.9882326 | G9: =Analise_Instancias!I5 -> 0.015708158 | H9: =Analise_Instancias!J5 -> 3.712981 | I9: =Analise_Instancias!O5 -> 0.012121362 | J9: =Analise_Instancias!Q5 -> 9.3210788
A10: A | B10: A-n36-k5 | C10: =Analise_Instancias!L6 -> 0.013855821 | D10: =Analise_Instancias!M6 -> 3.7884512 | E10: =Analise_Instancias!F6 -> 0.02771103 | F10: =Analise_Instancias!G6 -> 2.277431 | G10: =Analise_Instancias!I6 -> 0.087094189 | H10: =Analise_Instancias!J6 -> 3.8794634 | I10: =Analise_Instancias!O6 -> 0.013855821 | J10: =Analise_Instancias!Q6 -> 9.9453456
A11: A | B11: A-n37-k5 | C11: =Analise_Instancias!L7 -> 0.10664621 | D11: =Analise_Instancias!M7 -> 3.6620553 | E11: =Analise_Instancias!F7 -> 0.042508204 | F11: =Analise_Instancias!G7 -> 4.4269788 | G11: =Analise_Instancias!I7 -> 0.044779551 | H11: =Analise_Instancias!J7 -> 3.9273241 | I11: =Analise_Instancias!O7 -> 0.042508204 | J11: =Analise_Instancias!Q7 -> 12.016358
A12: A | B12: A-n37-k6 | C12: =Analise_Instancias!L8 -> 0.0081600595 | D12: =Analise_Instancias!M8 -> 3.6620553 | E12: =Analise_Instancias!F8 -> 0.03449882 | F12: =Analise_Instancias!G8 -> 4.4269788 | G12: =Analise_Instancias!I8 -> 0.0084613121 | H12: =Analise_Instancias!J8 -> 3.9273241 | I12: =Analise_Instancias!O8 -> 0.0081600595 | J12: =Analise_Instancias!Q8 -> 12.016358
A13: A | B13: A-n38-k5 | C13: =Analise_Instancias!L9 -> 0.036940985 | D13: =Analise_Instancias!M9 -> 3.7448993 | E13: =Analise_Instancias!F9 -> 0.01318836 | F13: =Analise_Instancias!G9 -> 4.0925169 | G13: =Analise_Instancias!I9 -> 0.05972683 | H13: =Analise_Instancias!J9 -> 3.6349518 | I13: =Analise_Instancias!O9 -> 0.01318836 | J13: =Analise_Instancias!Q9 -> 11.472368
A14: A | B14: A-n39-k5 | C14: =Analise_Instancias!L10 -> 0.039604688 | D14: =Analise_Instancias!M10 -> 3.7533278 | E14: =Analise_Instancias!F10 -> 0.021533901 | F14: =Analise_Instancias!G10 -> 3.0453658 | G14: =Analise_Instancias!I10 -> 0.013887206 | H14: =Analise_Instancias!J10 -> 0.19466853 | I14: =Analise_Instancias!O10 -> 0.013887206 | J14: =Analise_Instancias!Q10 -> 6.9933622
A15: A | B15: A-n39-k6 | C15: =Analise_Instancias!L11 -> 0.056693067 | D15: =Analise_Instancias!M11 -> 3.7533278 | E15: =Analise_Instancias!F11 -> 0.0066954318 | F15: =Analise_Instancias!G11 -> 3.0453658 | G15: =Analise_Instancias!I11 -> 0.0051539819 | H15: =Analise_Instancias!J11 -> 0.19466853 | I15: =Analise_Instancias!O11 -> 0.0051539819 | J15: =Analise_Instancias!Q11 -> 6.9933622
A16: A | B16: A-n44-k6 | C16: =Analise_Instancias!L12 -> 0.031212415 | D16: =Analise_Instancias!M12 -> 3.646445 | E16: =Analise_Instancias!F12 -> 0.023767754 | F16: =Analise_Instancias!G12 -> 2.4535391 | G16: =Analise_Instancias!I12 -> 0.020404502 | H16: =Analise_Instancias!J12 -> 4.325841 | I16: =Analise_Instancias!O12 -> 0.020404502 | J16: =Analise_Instancias!Q12 -> 10.425825
A17: A | B17: A-n45-k6 | C17: =Analise_Instancias!L13 -> 0.05324451 | D17: =Analise_Instancias!M13 -> 3.7981927 | E17: =Analise_Instancias!F13 -> 0.051153215 | F17: =Analise_Instancias!G13 -> 2.617625 | G17: =Analise_Instancias!I13 -> 0.050454027 | H17: =Analise_Instancias!J13 -> 4.8942862 | I17: =Analise_Instancias!O13 -> 0.050454027 | J17: =Analise_Instancias!Q13 -> 11.310104
... A211: X | B211: X-n979-k58 | C211: =Analise_Instancias!L207 -> 0.089035683 | D211: =Analise_Instancias!M207 -> 7.2582247 | E211: =Analise_Instancias!F207 -> 0.38564159 | F211: =Analise_Instancias!G207 -> 11.609019 | G211: =Analise_Instancias!I207 -> 0.11834569 | H211: =Analise_Instancias!J207 -> 7.4955378 | I211: =Analise_Instancias!O207 -> 0.089035683 | J211: =Analise_Instancias!Q207 -> 26.362781

Sheet Consolidado
D1: Gap com BKS
A2: Set | B2: qty instances | C2: dimension | D2: capacity | E2: Tempo Médio por instância (s) | F2: Média | G2: Desvio | H2: Mín | I2: Q1 | J2: Q2 | K2: Q3 | L2: Máx
A3: A | B3: =Analise_Sets!B2 -> 27 | C3: 32 - 80 | D3: 100 | E3: =Analise_Sets!O2 -> 11.292922 | F3: =Analise_Sets!C2 -> 0.01969888 | G3: =Analise_Sets!D2 -> 0.012653279 | H3: =Analise_Sets!E2 -> 0.0034561363 | I3: =Analise_Sets!F2 -> 0.011750388 | J3: =Analise_Sets!G2 -> 0.015008983 | K3: =Analise_Sets!H2 -> 0.023399458 | L3: =Analise_Sets!I2 -> 0.050454027
A4: B | B4: =Analise_Sets!B3 -> 23 | C4: 30-77 | D4: 100 | E4: =Analise_Sets!O3 -> 11.885841 | F4: =Analise_Sets!C3 -> 0.024573061 | G4: =Analise_Sets!D3 -> 0.015822579 | H4: =Analise_Sets!E3 -> 0 | I4: =Analise_Sets!F3 -> 0.015492651 | J4: =Analise_Sets!G3 -> 0.022957774 | K4: =Analise_Sets!H3 -> 0.033337966 | L4: =Analise_Sets!I3 -> 0.064526043
A5: E | B5: =Analise_Sets!B4 -> 11 | C5: 13-101 | D5: 100 - 8000 | E5: =Analise_Sets!O4 -> 19.385841 | F5: =Analise_Sets!C4 -> 0.020385737 | G5: =Analise_Sets!D4 -> 0.017565842 | H5: =Analise_Sets!E4 -> 0 | I5: =Analise_Sets!F4 -> 0.0044643484 | J5: =Analise_Sets!G4 -> 0.019138466 | K5: =Analise_Sets!H4 -> 0.035754711 | L5: =Analise_Sets!I4 -> 0.045604531
A6: F | B6: =Analise_Sets!B5 -> 3 | C6: 45 - 135 | D6: 2010 - 30000 | E6: =Analise_Sets!O5 -> 19.976678 | F6: =Analise_Sets!C5 -> 0.073723506 | G6: =Analise_Sets!D5 -> 0.06835482 | H6: =Analise_Sets!E5 -> 0.0051744998 | I6: =Analise_Sets!F5 -> 0.039644024 | J6: =Analise_Sets!G5 -> 0.074113548 | K6: =Analise_Sets!H5 -> 0.10799801 | L6: =Analise_Sets!I5 -> 0.14188247
A7: M | B7: =Analise_Sets!B6 -> 5 | C7: 101-200 | D7: 200 | E7: =Analise_Sets!O6 -> 12.215057 | F7: =Analise_Sets!C6 -> 0.051418655 | G7: =Analise_Sets!D6 -> 0.023391578 | H7: =Analise_Sets!E6 -> 0.01414713 | I7: =Analise_Sets!F6 -> 0.042398538 | J7: =Analise_Sets!G6 -> 0.066024044 | K7: =Analise_Sets!H6 -> 0.0660769 | L7: =Analise_Sets!I6 -> 0.068446664
A8: P | B8: =Analise_Sets!B7 -> 24 | C8: 16 - 101 | D8: 35 - 3000 | E8: =Analise_Sets!O7 -> 14.499928 | F8: =Analise_Sets!C7 -> 0.023712541 | G8: =Analise_Sets!D7 -> 0.019470975 | H8: =Analise_Sets!E7 -> 0 | I8: =Analise_Sets!F7 -> 0.0085358097 | J8: =Analise_Sets!G7 -> 0.02256966 | K8: =Analise_Sets!H7 -> 0.030699868 | L8: =Analise_Sets!I7 -> 0.078291946
A9: Taillard | B9: =Analise_Sets!B8 -> 13 | C9: 76 - 386 | D9: 65 - 2043 | E9: =Analise_Sets!O8 -> 19.637472 | F9: =Analise_Sets!C8 -> 0.069056399 | G9: =Analise_Sets!D8 -> 0.024427951 | H9: =Analise_Sets!E8 -> 0.040010494 | I9: =Analise_Sets!F8 -> 0.061838101 | J9: =Analise_Sets!G8 -> 0.067534397 | K9: =Analise_Sets!H8 -> 0.068383309 | L9: =Analise_Sets!I8 -> 0.13418335
A10: X | B10: =Analise_Sets!B9 -> 100 | C10: 101 - 1001 | D10: 3 - 1816 | E10: =Analise_Sets!O9 -> 13.027292 | F10: =Analise_Sets!C9 -> 0.09939418 | G10: =Analise_Sets!D9 -> 0.044483976 | H10: =Analise_Sets!E9 -> 0.023559804 | I10: =Analise_Sets!F9 -> 0.065771706 | J10: =Analise_Sets!G9 -> 0.093025962 | K10: =Analise_Sets!H9 -> 0.1243822 | L10: =Analise_Sets!I9 -> 0.25213419
A13: Set | B13: A | I13: Set | J13: B | Q13: Set | R13: E | Y13: Set | Z13: F | AG13: Set | AH13: M | AO13: Set | AP13: P | AW13: Set | AX13: Taillard | BE13: Set | BF13: X
A14: qnt | B14: 27 | I14: qnt | J14: 23 | Q14: qnt | R14: 11 | Y14: qnt | Z14: 3 | AG14: qnt | AH14: 5 | AO14: qnt | AP14: 24 | AW14: qnt | AX14: 13 | BE14: qnt | BF14: 100
A15: Linha | B15: 6 | I15: Linha | J15: 33 | Q15: Linha | R15: 56 | Y15: Linha | Z15: 67 | AG15: Linha | AH15: 102 | AO15: Linha | AP15: 107 | AW15: Linha | AX15: 131 | BE15: Linha | BF15: 144
A17: Média | B17: Desvio | C17: Mín | D17: Q1 | E17: Q2 | F17: Q3 | G17: Máx | I17: Média | J17: Desvio | K17: Mín | L17: Q1 | M17: Q2 | N17: Q3 | O17: Máx | Q17: Média | R17: Desvio | S17: Mín | T17: Q1 | U17: Q2 | V17: Q3 | W17: Máx | Y17: Média | Z17: Desvio | AA17: Mín | AB17: Q1 | AC17: Q2 | AD17: Q3 | AE17: Máx | AG17: Média | AH17: Desvio | AI17: Mín | AJ17: Q1 | AK17: Q2 | AL17: Q3 | AM17: Máx | AO17: Média | AP17: Desvio | AQ17: Mín | AR17: Q1 | AS17: Q2 | AT17: Q3 | AU17: Máx | AW17: Média | AX17: Desvio | AY17: Mín | AZ17: Q1 | BA17: Q2 | BB17: Q3 | BC17: Máx | BE17: Média | BF17: Desvio | BG17: Mín | BH17: Q1 | BI17: Q2 | BJ17: Q3 | BK17: Máx
A18: 0.01969888 | B18: 0.012416748 | C18: 0.0034561363 | D18: 0.011750388 | E18: 0.015008983 | F18: 0.023399458 | G18: 0.050454027 | I18: 0.024379942 | J18: 0.015804448 | K18: -0.004441727 | L18: 0.015492651 | M18: 0.022957774 | N18: 0.033337966 | O18: 0.064526043 | Q18: 0.015712531 | R18: 0.026256999 | S18: -0.05140526 | T18: 0.0044643484 | U18: 0.019138466 | V18: 0.035754711 | W18: 0.045604531 | Y18: 0.073723506 | Z18: 0.055811477 | AA18: 0.0051744998 | AB18: 0.039644024 | AC18: 0.074113548 | AD18: 0.10799801 | AE18: 0.14188247 | AG18: 0.051418655 | AH18: 0.020922063 | AI18: 0.01414713 | AJ18: 0.042398538 | AK18: 0.066024044 | AL18: 0.0660769 | AM18: 0.068446664 | AO18: 0.021540291 | AP18: 0.022776537 | AQ18: -0.028574327 | AR18: 0.0085358097 | AS18: 0.02256966 | AT18: 0.030699868 | AU18: 0.078291946 | AW18: 0.069056399 | AX18: 0.023469616 | AY18: 0.040010494 | AZ18: 0.061838101 | BA18: 0.067534397 | BB18: 0.068383309 | BC18: 0.13418335 | BE18: 0.09939418 | BF18: 0.044260997 | BG18: 0.023559804 | BH18: 0.065771706 | BI18: 0.093025962 | BJ18: 0.1243822 | BK18: 0.25213419
A20: Gaps set A | B20: Duration | I20: Gaps set B | J20: Duration | Q20: Gaps set E | R20: Duration | Y20: Gaps set F | Z20: Duration | AG20: Gaps set M | AH20: Duration | AO20: Gaps set P | AP20: Duration | AW20: Gaps set Taillard | AX20: Duration | BE20: Gaps set X | BF20: Duration
A21: 0.01069065 | B21: 9.1835077 | I21: 0.037612552 | J21: 9.9596844 | Q21: 0.045604531 | R21: 20.368714 | Y21: 0.14188247 | Z21: 33.907054 | AG21: 0.01414713 | AH21: 8.0180914 | AO21: 0.066753191 | AP21: 8.4147637 | AW21: 0.067959099 | AX21: 16.942796 | BE21: 0.12437429 | BF21: 17.911424
A22: 0.019843443 | B22: 9.1653636 | I22: 0.0087469266 | J22: 9.7051272 | Q22: 0.038253691 | R22: 20.368714 | Y22: 0.0051744998 | Z22: 11.620859 | AG22: 0.042398538 | AH22: 7.9028399 | AO22: 0.00432685 | AP22: 5.4356191 | AW22: 0.040010494 | AX22: 16.942796 | BE22: 0.051820779 | BF22: 5.6703146
A23: 0.0034561363 | B23: 9.1653636 | I23: 0.016940931 | J23: 9.8264017 | Q23: 0.00074609375 | R23: 9.6456866 | Y23: 0.074113548 | Z23: 14.402122 | AG23: 0.066024044 | AH23: 10.644611 | AO23: 0.040769469 | AP23: 13.71206 | AW23: 0.071103448 | AX23: 16.942796 | BE23: 0.046717043 | BF23: 7.3362346
A24: 0.012121362 | B24: 9.3210788 | I24: 0.016213894 | J24: 9.8898654 | Q24: 0.0015546266 | R24: 5.9792466 | AG24: 0.068446664 | AH24: 17.254871 | AO24: 0.021394094 | AP24: 14.04752 | AW24: 0.062999505 | AX24: 16.942796 | BE24: 0.030600111 | BF24: 7.6943383
A25: 0.013855821 | B25: 9.9453456 | I25: 0.028609034 | J25: 10.283905 | Q25: -0.05140526 | R25: 4.5576293 | AG25: 0.0660769 | AH25: 17.254871 | AO25: 0.0081116012 | AP25: 10.827728 | AW25: 0.068383309 | AX25: 27.142814 | BE25: 0.039238706 | BF25: 8.2404594
A26: 0.042508204 | B26: 12.016358 | I26: 0.023203814 | J26: 10.636882 | Q26: 0.0073740702 | R26: 11.987454 | AO26: 0.0094944989 | AP26: 10.823854 | AW26: 0.04681505 | AX26: 27.142814 | BE26: 0.054362565 | BF26: 9.1661818
A27: 0.0081600595 | B27: 12.016358 | I27: 0.0094216236 | J27: 13.075326 | Q27: 0.0075371975 | R27: 11.270206 | AO27: -0.023559672 | AP27: 10.823854 | AW27: 0.098197457 | AX27: 27.142814 | BE27: 0.057359046 | BF27: 8.839474
A28: 0.01318836 | B28: 11.472368 | I28: 0.027218792 | J28: 11.093324 | Q28: 0.03202522 | R28: 32.26665 | AO28: 0.018617107 | AP28: 11.126914 | AW28: 0.066679101 | AX28: 27.142814 | BE28: 0.04268388 | BF28: 8.5046582
A29: 0.013887206 | B29: 6.9933622 | I29: 0.019928751 | J29: 11.260767 | Q29: 0.033255731 | R29: 32.26665 | AO29: 0.0081357998 | AP29: 14.461716 | AW29: 0.13418335 | AX29: 25.904552 | BE29: 0.13649617 | BF29: 8.358731
A30: 0.0051539819 | B30: 6.9933622 | I30: 0.064526043 | J30: 11.260767 | Q30: 0.038753476 | R30: 32.26665 | AO30: 0.0086691464 | AP30: 13.977951 | AW30: 0.043996851 | AX30: 13.260037 | BE30: 0.023559804 | BF30: 8.2392976
A31: 0.020404502 | B31: 10.425825 | I31: 0.018979133 | J31: 11.313071 | Q31: 0.019138466 | R31: 32.26665 | AO31: 0.039602433 | AP31: 20.962139 | AW31: 0.067534397 | AX31: 13.260037 | BE31: 0.067580737 | BF31: 8.3479524
A32: 0.050454027 | B32: 11.310104 | I32: 0.0056232359 | J32: 11.313071 | AO32: 0.018016388 | AP32: 20.962139 | AW32: 0.06803302 | AX32: 13.260037 | BE32: 0.064084869 | BF32: 9.4408457
A33: 0.011784898 | B33: 11.310104 | I33: -0.004441727 | J33: 11.532375 | AO33: 0.018235873 | AP33: 20.962139 | AW33: 0.061838101 | AX33: 13.260037 | BE33: 0.12651758 | BF33: 8.9983783
A34: 0.011715879 | B34: 13.134425 | I34: 0.014771407 | J34: 11.422984 | AO34: 0.033125616 | AP34: 12.330393 | BE34: 0.040644119 | BF34: 9.4030943
A35: 0.0084231929 | B35: 10.902099 | I35: 0.040261103 | J35: 12.893541 | AO35: 0.023745226 | AP35: 21.68264 | BE35: 0.046728011 | BF35: 9.8404741
A36: 0.013595309 | B36: 11.365095 | I36: 0.001451398 | J36: 18.971728 | AO36: -0.028574327 | AP36: 21.68264 | BE36: 0.034353984 | BF36: 9.6883397
A37: 0.0054127253 | B37: 11.208788 | I37: 0.022957774 | J37: 18.971728 | AO37: 0.033870966 | AP37: 21.68264 | BE37: 0.057570829 | BF37: 9.7494955
A38: 0.018314529 | B38: 12.427639 | I38: 0.043290164 | J38: 11.509818 | AO38: 0.00034378986 | AP38: 21.68264 | BE38: 0.087713254 | BF38: 9.4971671
A39: 0.018867707 | B39: 11.176435 | I39: 0.050256816 | J39: 11.23395 | AO39: 0.023817329 | AP39: 15.426572 | BE39: 0.044506333 | BF39: 9.9701931
A40: 0.038405162 | B40: 11.40924 | I40: 0.022122369 | J40: 10.923312 | AO40: 0.027607437 | AP40: 15.426572 | BE40: 0.047046652 | BF40: 9.8055694
A41: 0.031584746 | B41: 10.341265 | I41: 0.02906338 | J41: 15.286508 | AO41: 0.026438549 | AP41: 10.831694 | BE41: 0.090321334 | BF41: 9.2868125
A42: 0.022325211 | B42: 19.159808 | I42: 0.026211241 | J42: 10.334749 | AO42: 0.029891285 | AP42: 10.169125 | BE42: 0.071715217 | BF42: 10.263689
A43: 0.015008983 | B43: 19.159808 | I43: 0.037770014 | J43: 10.67547 | AO43: 0.078291946 | AP43: 10.272475 | BE43: 0.055875219 | BF43: 10.101443
A44: 0.024218541 | B44: 10.904805 | AO44: 0.029842395 | AP44: 10.272475 | BE44: 0.061696588 | BF44: 8.9607823
A45: 0.045887832 | B45: 10.835752 | BE45: 0.051423584 | BF45: 9.4026983
A46: 0.022580375 | B46: 13.770148 | BE46: 0.11555435 | BF46: 10.262157
A47: 0.030020919 | B47: 9.7950788 | BE47: 0.04773687 | BF47: 12.128467
BE48: 0.064884303 | BF48: 8.8335676
BE49: 0.11003358 | BF49: 8.5839336
BE50: 0.067883231 | BF50: 8.5178716
BE51: 0.10501156 | BF51: 8.743377
BE52: 0.065913101 | BF52: 9.6960144
BE53: 0.1237093 | BF53: 9.4594569
BE54: 0.061839399 | BF54: 8.844753
BE55: 0.063305137 | BF55: 9.001034
BE56: 0.068049028 | BF56: 8.67489
BE57: 0.10039908 | BF57: 9.0765839
BE58: 0.073906724 | BF58: 9.1483774
BE59: 0.16816825 | BF59: 9.5052879
... BE120: 0.089035683 | BF120: 26.362781

Sheet Data
A1: ID | B1: cost_ai | C1: tours | D1: durations | E1: Set | F1: instance | G1: name | H1: modelo | I1: cte | J1: REF COST | K1: C1 | L1: C2 | M1: C3 | N1: GAP
A2: 0 | B2: 833.01886 | C2: [0, 20, 5, 25, 10, 15, 29, 27, 0, 21, 31, 19, 17, 13, 7, 26, 0, 22, 9, 8, 11, 4, 28, 18, 24, 0, 14, 23, 2, 3, 6, 0, 30, 16, 1, 12, 0] | D2: 3.2406287 | E2: A | F2: A_n31 | G2: A-n32-k5 | H2: vrp_100 | I2: 1 | J2: 784 | K2: 784 | L2: 0 | M2: 0 | N2: =IFERROR(B2/J2-1,"") -> 0.062524056 | P2: 1 | Q2: 0 | R2: 0 | T2: A-n32-k5
A3: 1 | B3: 792.38147 | C3: [0, 12, 1, 16, 30, 0, 21, 31, 19, 17, 13, 7, 26, 0, 6, 3, 2, 23, 4, 11, 28, 14, 0, 20, 5, 29, 25, 10, 15, 22, 9, 8, 18, 0, 24, 27, 0] | D3: 2.458679 | E3: A | F3: A_n31 | G3: A-n32-k5 | H3: vrp_20 | I3: 1 | J3: 784 | K3: 0 | L3: 0 | M3: 784 | N3: =IFERROR(B3/J3-1,"") -> 0.01069065 | P3: 0 | Q3: 0 | R3: 1 | V3: A-n32-k5
A4: 2 | B4: 832.48456 | C4: [0, 20, 5, 25, 10, 15, 29, 27, 0, 3, 23, 28, 4, 11, 8, 18, 9, 22, 14, 0, 6, 2, 17, 19, 31, 21, 26, 0, 12, 1, 13, 7, 16, 0, 24, 30, 0] | D4: 3.4842 | E4: A | F4: A_n31 | G4: A-n32-k5 | H4: vrp_50 | I4: 1 | J4: 784 | K4: 0 | L4: 784 | M4: 0 | N4: =IFERROR(B4/J4-1,"") -> 0.061842549 | P4: 0 | Q4: 1 | R4: 0 | U4: A-n32-k5
A5: 3 | B5: 730.66632 | C5: [0, 11, 19, 14, 21, 1, 31, 18, 28, 0, 2, 24, 6, 0, 23, 29, 3, 16, 15, 22, 0, 32, 13, 8, 7, 26, 5, 27, 12, 0, 9, 17, 10, 30, 25, 0, 20, 4, 0] | D5: 3.5166168 | E5: A | F5: A_n32 | G5: A-n33-k5 | H5: vrp_100 | I5: 2 | J5: 661 | K5: 661 | L5: 0 | M5: 0 | N5: =IFERROR(B5/J5-1,"") -> 0.10539534 | P5: 2 | Q5: 0 | R5: 0 | T5: A-n33-k5
A6: 4 | B6: 777.43854 | C6: [0, 7, 2, 15, 9, 20, 19, 6, 0, 22, 26, 4, 8, 3, 5, 0, 13, 18, 1, 14, 0, 17, 29, 11, 32, 0, 10, 12, 21, 0, 25, 16, 30, 27, 31, 23, 24, 0, 28, 0] | D6: 3.5166168 | E6: A | F6: A_n32 | G6: A-n33-k6 | H6: vrp_100 | I6: 2 | J6: 742 | K6: 742 | L6: 0 | M6: 0 | N6: =IFERROR(B6/J6-1,"") -> 0.047760832 | P6: 2 | Q6: 0 | R6: 0 | T6: A-n33-k6
A7: 5 | B7: 674.85706 | C7: [0, 24, 6, 19, 14, 21, 1, 31, 11, 0, 29, 16, 3, 9, 17, 10, 0, 4, 12, 27, 25, 30, 15, 0, 20, 5, 26, 7, 8, 13, 32, 2, 0, 23, 18, 28, 22, 0] | D7: 1.9951878 | E7: A | F7: A_n32 | G7: A-n33-k5 | H7: vrp_20 | I7: 2 | J7: 661 | K7: 0 | L7: 0 | M7: 661 | N7: =IFERROR(B7/J7-1,"") -> 0.020963776 | P7: 0 | Q7: 0 | R7: 2 | V7: A-n33-k5
A8: 6 | B8: 762.57526 | C8: [0, 21, 25, 16, 30, 27, 28, 0, 10, 12, 32, 0, 17, 11, 29, 19, 18, 0, 5, 8, 3, 2, 15, 9, 20, 7, 0, 14, 1, 6, 13, 0, 22, 4, 26, 24, 23, 31, 0] | D8: 1.9951878 | E8: A | F8: A_n32 | G8: A-n33-k6 | H8: vrp_20 | I8: 2 | J8: 742 | K8: 0 | L8: 0 | M8: 742 | N8: =IFERROR(B8/J8-1,"") -> 0.027729456 | P8: 0 | Q8: 0 | R8: 2 | V8: A-n33-k6
A9: 7 | B9: 674.11652 | C9: [0, 24, 6, 19, 14, 21, 1, 31, 11, 0, 2, 32, 13, 8, 7, 26, 20, 0, 4, 5, 27, 25, 30, 12, 0, 10, 17, 9, 3, 16, 29, 0, 22, 15, 28, 18, 23, 0] | D9: 3.653559 | E9: A | F9: A_n32 | G9: A-n33-k5 | H9: vrp_50 | I9: 2 | J9: 661 | K9: 0 | L9: 661 | M9: 0 | N9: =IFERROR(B9/J9-1,"") -> 0.019843443 | P9: 0 | Q9: 2 | R9: 0 | U9: A-n33-k5
A10: 8 | B10: 744.56445 | C10: [0, 14, 17, 29, 11, 10, 32, 0, 21, 12, 0, 19, 20, 9, 15, 2, 3, 8, 0, 1, 18, 6, 7, 13, 0, 25, 16, 30, 27, 28, 0, 5, 4, 26, 22, 24, 23, 31, 0] | D10: 3.653559 | E10: A | F10: A_n32 | G10: A-n33-k6 | H10: vrp_50 | I10: 2 | J10: 742 | K10: 0 | L10: 742 | M10: 0 | N10: =IFERROR(B10/J10-1,"") -> 0.0034561363 | P10: 0 | Q10: 2 | R10: 0 | U10: A-n33-k6
A11: 9 | B11: 787.43042 | C11: [0, 5, 30, 24, 27, 1, 29, 0, 23, 11, 8, 15, 6, 14, 0, 10, 13, 28, 31, 25, 17, 19, 7, 0, 21, 32, 3, 12, 9, 22, 2, 18, 0, 26, 4, 33, 16, 20, 0] | D11: 3.6198652 | E11: A | F11: A_n33 | G11: A-n34-k5 | H11: vrp_100 | I11: 1 | J11: 778 | K11: 778 | L11: 0 | M11: 0 | N11: =IFERROR(B11/J11-1,"") -> 0.012121362 | P11: 1 | Q11: 0 | R11: 0 | T11: A-n34-k5
A12: 10 | B12: 802.79089 | C12: [0, 20, 33, 16, 22, 3, 12, 9, 2, 0, 18, 21, 32, 28, 31, 25, 17, 0, 7, 1, 27, 23, 11, 19, 13, 10, 0, 6, 15, 8, 29, 14, 0, 24, 30, 5, 26, 4, 0] | D12: 1.9882326 | E12: A | F12: A_n33 | G12: A-n34-k5 | H12: vrp_20 | I12: 1 | J12: 778 | K12: 0 | L12: 0 | M12: 778 | N12: =IFERROR(B12/J12-1,"") -> 0.031864902 | P12: 0 | Q12: 0 | R12: 1 | V12: A-n34-k5
A13: 11 | B13: 790.22095 | C13: [0, 21, 32, 28, 31, 25, 13, 10, 0, 17, 19, 11, 23, 27, 1, 29, 0, 7, 6, 15, 8, 14, 0, 18, 2, 9, 12, 3, 22, 16, 33, 0, 24, 30, 5, 0, 20, 4, 26, 0] | D13: 3.712981 | E13: A | F13: A_n33 | G13: A-n34-k5 | H13: vrp_50 | I13: 1 | J13: 778 | K13: 0 | L13: 778 | M13: 0 | N13: =IFERROR(B13/J13-1,"") -> 0.015708158 | P13: 0 | Q13: 1 | R13: 0 | U13: A-n34-k5
A14: 12 | B14: 810.0708 | C14: [0, 12, 31, 19, 4, 3, 6, 9, 0, 28, 14, 34, 23, 2, 35, 8, 15, 0, 21, 18, 33, 29, 30, 17, 13, 32, 22, 1, 0, 25, 27, 24, 11, 16, 0, 5, 20, 26, 7, 10, 0] | D14: 3.7884512 | E14: A | F14: A_n35 | G14: A-n36-k5 | H14: vrp_100 | I14: 1 | J14: 799 | K14: 799 | L14: 0 | M14: 0 | N14: =IFERROR(B14/J14-1,"") -> 0.013855821 | P14: 1 | Q14: 0 | R14: 0 | T14: A-n36-k5
A15: 13 | B15: 821.14111 | C15: [0, 16, 1, 22, 13, 17, 30, 32, 18, 21, 24, 0, 11, 27, 33, 29, 31, 19, 4, 3, 6, 23, 0, 25, 12, 28, 9, 5, 0, 20, 14, 34, 2, 35, 8, 15, 0, 26, 7, 10, 0] | D15: 2.277431 | E15: A | F15: A_n35 | G15: A-n36-k5 | H15: vrp_20 | I15: 1 | J15: 799 | K15: 0 | L15: 0 | M15: 799 | N15: =IFERROR(B15/J15-1,"") -> 0.02771103 | P15: 0 | Q15: 0 | R15: 1 | V15: A-n36-k5
A16: 14 | B16: 868.58826 | C16: [0, 16, 1, 22, 32, 13, 17, 30, 29, 33, 18, 27, 0, 11, 24, 21, 25, 5, 0, 12, 31, 19, 4, 3, 6, 28, 0, 9, 14, 34, 23, 2, 35, 8, 0, 26, 20, 15, 7, 10, 0] | D16: 3.8794634 | E16: A | F16: A_n35 | G16: A-n36-k5 | H16: vrp_50 | I16: 1 | J16: 799 | K16: 0 | L16: 799 | M16: 0 | N16: =IFERROR(B16/J16-1,"") -> 0.087094189 | P16: 0 | Q16: 1 | R16: 0 | U16: A-n36-k5
A17: 15 | B17: 740.34631 | C17: [0, 21, 1, 17, 14, 23, 24, 9, 11, 27, 8, 3, 0, 15, 34, 32, 28, 31, 26, 30, 18, 35, 25, 0, 20, 19, 2, 12, 0, 16, 22, 13, 33, 5, 6, 10, 0, 36, 29, 4, 7, 0] | D17: 3.6620553 | E17: A | F17: A_n36 | G17: A-n37-k5 | H17: vrp_100 | I17: 2 | J17: 669 | K17: 669 | L17: 0 | M17: 0 | N17: =IFERROR(B17/J17-1,"") -> 0.10664621 | P17: 2 | Q17: 0 | R17: 0 | T17: A-n37-k5
A18: 16 | B18: 956.7439 | C18: [0, 16, 35, 25, 7, 0, 27, 32, 15, 30, 13, 0, 10, 11, 12, 22, 23, 28, 2, 33, 1, 20, 0, 4, 26, 21, 9, 19, 31, 0, 18, 17, 34, 3, 5, 8, 0, 24, 29, 36, 6, 14, 0] | D18: 3.6620553 | E18: A | F18: A_n36 | G18: A-n37-k6 | H18: vrp_100 | I18: 2 | J18: 949 | K18: 949 | L18: 0 | M18: 0 | N18: =IFERROR(B18/J18-1,"") -> 0.0081600595 | P18: 2 | Q18: 0 | R18: 0 | T18: A-n37-k6
A19: 17 | B19: 697.43799 | C19: [0, 15, 34, 26, 35, 18, 31, 28, 32, 29, 36, 0, 3, 24, 9, 11, 27, 8, 25, 30, 0, 17, 14, 23, 20, 19, 2, 10, 6, 5, 33, 0, 1, 12, 13, 22, 7, 4, 0, 21, 16, 0] | D19: 4.4269788 | E19: A | F19: A_n36 | G19: A-n37-k5 | H19: vrp_20 | I19: 2 | J19: 669 | K19: 0 | L19: 0 | M19: 669 | N19: =IFERROR(B19/J19-1,"") -> 0.042508204 | P19: 0 | Q19: 0 | R19: 2 | V19: A-n37-k5
A20: 18 | B20: 981.73938 | C20: [0, 20, 8, 5, 3, 1, 31, 34, 0, 6, 33, 2, 28, 9, 19, 17, 4, 0, 26, 10, 11, 12, 22, 23, 21, 0, 32, 15, 30, 13, 18, 0, 7, 25, 35, 27, 0, 24, 16, 14, 36, 29, 0] | D20: 4.4269788 | E20: A | F20: A_n36 | G20: A-n37-k6 | H20: vrp_20 | I20: 2 | J20: 949 | K20: 0 | L20: 0 | M20: 949 | N20: =IFERROR(B20/J20-1,"") -> 0.03449882 | P20: 0 | Q20: 0 | R20: 2 | V20: A-n37-k6
A21: 19 | B21: 698.95752 | C21: [0, 15, 30, 25, 35, 18, 26, 31, 28, 32, 29, 0, 34, 36, 0, 3, 8, 27, 11, 9, 24, 23, 20, 19, 2, 14, 0, 17, 12, 10, 6, 5, 33, 4, 7, 0, 21, 16, 22, 13, 1, 0] | D21: 3.9273241 | E21: A | F21: A_n36 | G21: A-n37-k5 | H21: vrp_50 | I21: 2 | J21: 669 | K21: 0 | L21: 669 | M21: 0 | N21: =IFERROR(B21/J21-1,"") -> 0.044779551 | P21: 0 | Q21: 2 | R21: 0 | U21: A-n37-k5
A22: 20 | B22: 957.02979 | C22: [0, 4, 12, 22, 23, 28, 2, 21, 9, 33, 0, 26, 10, 11, 30, 15, 0, 18, 17, 34, 31, 19, 13, 0, 25, 35, 32, 27, 0, 6, 8, 5, 3, 1, 20, 14, 0, 7, 16, 24, 29, 36, 0] | D22: 3.9273241 | E22: A | F22: A_n36 | G22: A-n37-k6 | H22: vrp_50 | I22: 2 | J22: 949 | K22: 0 | L22: 949 | M22: 0 | N22: =IFERROR(B22/J22-1,"") -> 0.0084613121 | P22: 0 | Q22: 2 | R22: 0 | U22: A-n37-k6
A23: 21 | B23: 756.96692 | C23: [0, 24, 2, 15, 13, 36, 17, 9, 0, 14, 0, 8, 33, 35, 23, 26, 30, 0, 21, 12, 3, 1, 4, 16, 25, 6, 34, 0, 32, 20, 22, 27, 11, 7, 0, 5, 37, 31, 28, 18, 19, 29, 10, 0] | D23: 3.7448993 | E23: A | F23: A_n37 | G23: A-n38-k5 | H23: vrp_100 | I23: 1 | J23: 730 | K23: 730 | L23: 0 | M23: 0 | N23: =IFERROR(B23/J23-1,"") -> 0.036940985 | P23: 1 | Q23: 0 | R23: 0 | T23: A-n38-k5
A24: 22 | B24: 739.6275 | C24: [0, 32, 20, 22, 27, 11, 7, 0, 5, 37, 31, 28, 6, 34, 29, 0, 18, 19, 25, 16, 4, 1, 3, 12, 26, 10, 0, 21, 30, 23, 35, 33, 8, 0, 24, 14, 2, 15, 13, 36, 17, 9, 0] | D24: 4.0925169 | E24: A | F24: A_n37 | G24: A-n38-k5 | H24: vrp_20 | I24: 1 | J24: 730 | K24: 0 | L24: 0 | M24: 730 | N24: =IFERROR(B24/J24-1,"") -> 0.01318836 | P24: 0 | Q24: 0 | R24: 1 | V24: A-n38-k5
A25: 23 | B25: 773.60059 | C25: [0, 8, 33, 35, 23, 26, 30, 0, 21, 10, 12, 3, 1, 4, 16, 25, 6, 19, 0, 24, 14, 2, 15, 13, 36, 17, 9, 0, 18, 29, 34, 37, 31, 28, 0, 7, 5, 11, 27, 22, 32, 0, 20, 0] | D25: 3.6349518 | E25: A | F25: A_n37 | G25: A-n38-k5 | H25: vrp_50 | I25: 1 | J25: 730 | K25: 0 | L25: 730 | M25: 0 | N25: =IFERROR(B25/J25-1,"") -> 0.05972683 | P25: 0 | Q25: 1 | R25: 0 | U25: A-n38-k5
A26: 24 | B26: 854.55505 | C26: [0, 36, 27, 34, 37, 35, 24, 0, 21, 30, 13, 28, 6, 26, 11, 8, 4, 0, 17, 2, 22, 3, 7, 16, 32, 38, 0, 31, 1, 15, 10, 5, 29, 20, 23, 33, 0, 14, 19, 25, 12, 9, 18, 0] | D26: 3.7533278 | E26: A | F26: A_n38 | G26: A-n39-k5 | H26: vrp_100 | I26: 2 | J26: 822 | K26: 822 | L26: 0 | M26: 0 | N26: =IFERROR(B26/J26-1,"") -> 0.039604688 | P26: 2 | Q26: 0 | R26: 0 | T26: A-n39-k5
A27: 25 | B27: 878.11194 | C27: [0, 20, 32, 27, 10, 16, 4, 7, 30, 0, 8, 19, 33, 2, 14, 25, 35, 31, 0, 18, 34, 22, 21, 23, 17, 36, 1, 0, 15, 13, 0, 3, 37, 38, 12, 9, 28, 29, 0, 24, 5, 26, 11, 6, 0] | D27: 3.7533278 | E27: A | F27: A_n38 | G27: A-n39-k6 | H27: vrp_100 | I27: 2 | J27: 831 | K27: 831 | L27: 0 | M27: 0 | N27: =IFERROR(B27/J27-1,"") -> 0.056693067 | P27: 2 | Q27: 0 | R27: 0 | T27: A-n39-k6
A28: 26 | B28: 839.70087 | C28: [0, 21, 30, 13, 28, 27, 36, 6, 8, 0, 11, 26, 34, 37, 35, 24, 17, 18, 0, 38, 15, 2, 22, 3, 7, 16, 29, 1, 0, 9, 10, 32, 5, 20, 23, 31, 0, 4, 12, 33, 25, 19, 14, 0] | D28: 3.0453658 | E28: A | F28: A_n38 | G28: A-n39-k5 | H28: vrp_20 | I28: 2 | J28: 822 | K28: 0 | L28: 0 | M28: 822 | N28: =IFERROR(B28/J28-1,"") -> 0.021533901 | P28: 0 | Q28: 0 | R28: 2 | V28: A-n39-k5
A29: 27 | B29: 836.5639 | C29: [0, 5, 29, 28, 9, 12, 38, 3, 24, 0, 37, 31, 14, 35, 25, 33, 19, 2, 0, 30, 7, 8, 4, 16, 10, 27, 32, 0, 20, 18, 34, 22, 21, 23, 17, 36, 1, 0, 6, 11, 26, 0, 13, 15, 0] | D29: 3.0453658 | E29: A | F29: A_n38 | G29: A-n39-k6 | H29: vrp_20 | I29: 2 | J29: 831 | K29: 0 | L29: 0 | M29: 831 | N29: =IFERROR(B29/J29-1,"") -> 0.0066954318 | P29: 0 | Q29: 0 | R29: 2 | V29: A-n39-k6
A30: 28 | B30: 833.41528 | C30: [0, 21, 30, 13, 28, 27, 36, 6, 0, 17, 24, 35, 37, 34, 26, 11, 8, 0, 2, 22, 3, 7, 16, 32, 10, 31, 0, 38, 15, 5, 29, 20, 23, 1, 12, 0, 4, 9, 18, 33, 25, 19, 14, 0] | D30: 0.19466853 | E30: A | F30: A_n38 | G30: A-n39-k5 | H30: vrp_50 | I30: 2 | J30: 822 | K30: 0 | L30: 822 | M30: 0 | N30: =IFERROR(B30/J30-1,"") -> 0.013887206 | P30: 0 | Q30: 2 | R30: 0 | U30: A-n39-k5
A31: 29 | B31: 835.28296 | C31: [0, 3, 12, 38, 37, 31, 35, 25, 14, 0, 30, 7, 8, 4, 19, 33, 2, 0, 20, 32, 10, 16, 27, 34, 22, 18, 0, 6, 1, 21, 23, 17, 36, 11, 0, 24, 29, 28, 9, 5, 26, 0, 15, 13, 0] | D31: 0.19466853 | E31: A | F31: A_n38 | G31: A-n39-k6 | H31: vrp_50 | I31: 2 | J31: 831 | K31: 0 | L31: 831 | M31: 0 | N31: =IFERROR(B31/J31-1,"") -> 0.0051539819 | P31: 0 | Q31: 2 | R31: 0 | U31: A-n39-k6
A32: 30 | B32: 966.24603 | C32: [0, 8, 7, 28, 27, 19, 4, 0, 15, 24, 5, 21, 32, 42, 37, 11, 10, 33, 0, 23, 30, 20, 16, 26, 39, 0, 22, 36, 9, 38, 13, 14, 41, 2, 0, 29, 43, 1, 35, 18, 40, 25, 0, 6, 3, 12, 17, 34, 31, 0] | D32: 3.646445 | E32: A | F32: A_n43 | G32: A-n44-k6 | H32: vrp_100 | I32: 1 | J32: 937 | K32: 937 | L32: 0 | M32: 0 | N32: =IFERROR(B32/J32-1,"") -> 0.031212415 | P32: 1 | Q32: 0 | R32: 0 | T32: A-n44-k6
A33: 31 | B33: 959.27039 | C33: [0, 8, 7, 28, 27, 19, 4, 0, 15, 5, 21, 32, 42, 37, 11, 10, 33, 24, 0, 26, 16, 20, 18, 35, 1, 30, 0, 34, 39, 23, 40, 29, 43, 13, 9, 0, 6, 25, 3, 12, 17, 31, 0, 22, 36, 38, 14, 41, 2, 0] | D33: 2.4535391 | E33: A | F33: A_n43 | G33: A-n44-k6 | H33: vrp_20 | I33: 1 | J33: 937 | K33: 0 | L33: 0 | M33: 937 | N33: =IFERROR(B33/J33-1,"") -> 0.023767754 | P33: 0 | Q33: 0 | R33: 1 | V33: A-n44-k6
A34: 32 | B34: 956.11902 | C34: [0, 7, 28, 27, 24, 33, 19, 8, 0, 15, 5, 21, 32, 42, 37, 11, 10, 26, 39, 0, 16, 20, 18, 35, 1, 30, 12, 0, 41, 14, 13, 38, 9, 36, 2, 0, 22, 43, 29, 40, 23, 25, 0, 6, 3, 17, 34, 4, 31, 0] | D34: 4.325841 | E34: A | F34: A_n43 | G34: A-n44-k6 | H34: vrp_50 | I34: 1 | J34: 937 | K34: 0 | L34: 937 | M34: 0 | N34: =IFERROR(B34/J34-1,"") -> 0.020404502 | P34: 0 | Q34: 1 | R34: 0 | U34: A-n44-k6
A35: 33 | B35: 994.26282 | C35: [0, 38, 31, 35, 14, 1, 0, 2, 25, 12, 39, 36, 15, 0, 44, 6, 24, 37, 34, 27, 0, 9, 22, 16, 4, 42, 23, 0, 3, 10, 8, 41, 33, 21, 5, 20, 32, 0, 11, 19, 30, 40, 17, 18, 43, 0, 26, 29, 13, 7, 28, 0] | D35: 3.7981927 | E35: A | F35: A_n44 | G35: A-n45-k6 | H35: vrp_100 | I35: 2 | J35: 944 | K35: 944 | L35: 0 | M35: 0 | N35: =IFERROR(B35/J35-1,"") -> 0.05324451 | P35: 2 | Q35: 0 | R35: 0 | T35: A-n45-k6
A36: 34 | B36: 1182.2603 | C36: [0, 12, 4, 26, 34, 35, 0, 2, 6, 28, 3, 11, 43, 41, 27, 21, 0, 40, 7, 16, 20, 38, 8, 32, 13, 18, 0, 17, 23, 25, 42, 15, 9, 0, 24, 44, 33, 39, 0, 5, 19, 36, 29, 31, 14, 0, 22, 30, 37, 1, 10, 0] | D36: 3.7981927 | E36: A | F36: A_n44 | G36: A-n45-k7 | H36: vrp_100 | I36: 2 | J36: 1146 | K36: 1146 | L36: 0 | M36: 0 | N36: =IFERROR(B36/J36-1,"") -> 0.03164071 | P36: 2 | Q36: 0 | R36: 0 | T36: A-n45-k7
A37: 35 | B37: 992.28864 | C37: [0, 2, 25, 12, 39, 36, 42, 4, 16, 9, 23, 0, 15, 22, 10, 8, 41, 33, 21, 5, 32, 0, 3, 20, 13, 7, 28, 0, 43, 18, 17, 40, 30, 19, 11, 0, 26, 29, 27, 34, 37, 24, 0, 6, 44, 1, 35, 31, 14, 0, 38, 0] | D37: 2.617625 | E37: A | F37: A_n44 | G37: A-n45-k6 | H37: vrp_20 | I37: 2 | J37: 944 | K37: 0 | L37: 0 | M37: 944 | N37: =IFERROR(B37/J37-1,"") -> 0.051153215 | P37: 0 | Q37: 0 | R37: 2 | V37: A-n45-k6
A38: 36 | B38: 1179.9366 | C38: [0, 18, 40, 7, 20, 16, 13, 32, 39, 0, 8, 10, 15, 25, 23, 17, 38, 0, 42, 1, 37, 30, 22, 9, 0, 5, 36, 19, 29, 31, 14, 21, 0, 24, 33, 27, 41, 43, 6, 0, 26, 44, 11, 3, 28, 12, 0, 35, 34, 4, 2, 0] | D38: 2.617625 | E38: A | F38: A_n44 | G38: A-n45-k7 | H38: vrp_20 | I38: 2 | J38: 1146 | K38: 0 | L38: 0 | M38: 1146 | N38: =IFERROR(B38/J38-1,"") -> 0.029613129 | P38: 0 | Q38: 0 | R38: 2 | V38: A-n45-k7
A39: 37 | B39: 991.6286 | C39: [0, 14, 31, 35, 1, 44, 6, 0, 38, 2, 25, 12, 39, 36, 15, 23, 0, 24, 37, 34, 19, 30, 40, 11, 0, 42, 4, 16, 22, 9, 0, 3, 10, 8, 41, 33, 21, 5, 20, 32, 0, 26, 29, 43, 17, 18, 27, 0, 28, 7, 13, 0] | D39: 4.8942862 | E39: A | F39: A_n44 | G39: A-n45-k6 | H39: vrp_50 | I39: 2 | J39: 944 | K39: 0 | L39: 944 | M39: 0 | N39: =IFERROR(B39/J39-1,"") -> 0.050454027 | P39: 0 | Q39: 2 | R39: 0 | U39: A-n45-k6
A40: 38 | B40: 1159.5055 | C40: [0, 12, 2, 4, 26, 34, 35, 0, 6, 28, 3, 11, 43, 41, 27, 21, 0, 24, 44, 33, 14, 9, 0, 39, 31, 29, 36, 19, 5, 0, 38, 25, 42, 1, 37, 30, 22, 0, 8, 17, 23, 15, 10, 32, 0, 40, 7, 20, 16, 18, 13, 0] | D40: 4.8942862 | E40: A | F40: A_n44 | G40: A-n45-k7 | H40: vrp_50 | I40: 2 | J40: 1146 | K40: 0 | L40: 1146 | M40: 0 | N40: =IFERROR(B40/J40-1,"") -> 0.011784898 | P40: 0 | Q40: 2 | R40: 0 | U40: A-n45-k7
A41: 39 | B41: 988.17242 | C41: [0, 9, 17, 21, 29, 31, 41, 20, 19, 28, 0, 27, 34, 40, 1, 15, 8, 11, 0, 23, 14, 26, 13, 43, 6, 45, 0, 33, 42, 16, 24, 35, 12, 0, 7, 25, 18, 44, 10, 3, 32, 0, 38, 4, 30, 2, 37, 0, 36, 39, 22, 5, 0] | D41: 3.7958472 | E41: A | F41: A_n45 | G41: A-n46-k7 | H41: vrp_100 | I41: 1 | J41: 914 | K41: 914 | L41: 0 | M41: 0 | N41: =IFERROR(B41/J41-1,"") -> 0.081151449 | P41: 1 | Q41: 0 | R41: 0 | T41: A-n46-k7
A42: 40 | B42: 927.62164 | C42: [0, 23, 14, 26, 13, 43, 6, 45, 0, 38, 4, 30, 2, 37, 32, 0, 36, 39, 7, 10, 22, 3, 5, 0, 12, 44, 25, 18, 35, 11, 0, 8, 33, 42, 16, 24, 15, 19, 0, 28, 21, 41, 29, 31, 34, 40, 1, 27, 20, 0, 9, 17, 0] | D42: 3.990844 | E42: A | F42: A_n45 | G42: A-n46-k7 | H42: vrp_20 | I42: 1 | J42: 914 | K42: 0 | L42: 0 | M42: 914 | N42: =IFERROR(B42/J42-1,"") -> 0.014903329 | P42: 0 | Q42: 0 | R42: 1 | V42: A-n46-k7
A43: 41 | B43: 924.70831 | C43: [0, 28, 21, 41, 29, 31, 34, 40, 1, 27, 20, 0, 19, 15, 24, 16, 42, 33, 8, 0, 11, 12, 35, 18, 25, 44, 3, 0, 36, 39, 7, 10, 22, 32, 5, 0, 38, 4, 37, 2, 30, 13, 0, 23, 14, 26, 43, 6, 45, 0, 17, 9, 0] | D43: 5.347734 | E43: A | F43: A_n45 | G43: A-n46-k7 | H43: vrp_50 | I43: 1 | J43: 914 | K43: 0 | L43: 914 | M43: 0 | N43: =IFERROR(B43/J43-1,"") -> 0.011715879 | P43: 0 | Q43: 1 | R43: 0 | U43: A-n46-k7
A44: 42 | B44: 1082.0381 | C44: [0, 28, 29, 21, 13, 46, 30, 33, 16, 0, 34, 9, 24, 4, 11, 42, 15, 27, 45, 0, 41, 2, 10, 47, 17, 14, 0, 37, 3, 20, 26, 39, 8, 7, 40, 0, 32, 36, 38, 19, 25, 22, 6, 0, 12, 31, 5, 1, 43, 23, 44, 0, 35, 18, 0] | D44: 3.7709935 | E44: A | F44: A_n47 | G44: A-n48-k7 | H44: vrp_100 | I44: 1 | J44: 1073 | K44: 1073 | L44: 0 | M44: 0 | N44: =IFERROR(B44/J44-1,"") -> 0.0084231929 | P44: 1 | Q44: 0 | R44: 0 | T44: A-n48-k7
A45: 43 | B45: 1109.6693 | C45: [0, 12, 5, 1, 31, 43, 23, 44, 0, 32, 36, 38, 19, 25, 22, 6, 0, 37, 3, 20, 26, 39, 8, 7, 40, 0, 45, 27, 15, 42, 11, 4, 24, 9, 34, 0, 28, 29, 13, 46, 30, 21, 33, 2, 0, 35, 18, 0, 41, 10, 47, 16, 17, 0, 14, 0] | D45: 3.5602279 | E45: A | F45: A_n47 | G45: A-n48-k7 | H45: vrp_20 | I45: 1 | J45: 1073 | K45: 0 | L45: 0 | M45: 1073 | N45: =IFERROR(B45/J45-1,"") -> 0.034174568 | P45: 0 | Q45: 0 | R45: 1 | V45: A-n48-k7
A46: 44 | B46: 1103.5421 | C46: [0, 32, 36, 37, 19, 25, 38, 22, 0, 27, 15, 8, 39, 26, 20, 3, 7, 0, 40, 45, 34, 9, 42, 11, 4, 13, 24, 28, 0, 29, 21, 30, 46, 33, 10, 2, 0, 35, 6, 1, 5, 31, 43, 0, 18, 44, 23, 12, 0, 14, 17, 16, 47, 41, 0] | D46: 3.5708776 | E46: A | F46: A_n47 | G46: A-n48-k7 | H46: vrp_50 | I46: 1 | J46: 1073 | K46: 0 | L46: 1073 | M46: 0 | N46: =IFERROR(B46/J46-1,"") -> 0.028464226 | P46: 0 | Q46: 1 | R46: 0 | U46: A-n48-k7
A47: 45 | B47: 1076.1646 | C47: [0, 31, 20, 6, 33, 0, 27, 35, 38, 8, 51, 0, 46, 44, 29, 49, 10, 26, 40, 18, 0, 28, 22, 45, 43, 50, 36, 2, 37, 30, 1, 0, 25, 21, 34, 14, 5, 3, 39, 0, 4, 48, 42, 23, 19, 15, 32, 16, 12, 7, 0, 13, 52, 11, 24, 41, 17, 0, 47, 9, 0] | D47: 3.9444933 | E47: A | F47: A_n52 | G47: A-n53-k7 | H47: vrp_100 | I47: 1 | J47: 1010 | K47: 1010 | L47: 0 | M47: 0 | N47: =IFERROR(B47/J47-1,"") -> 0.065509456 | P47: 1 | Q47: 0 | R47: 0 | T47: A-n53-k7
A48: 46 | B48: 1023.7313 | C48: [0, 33, 6, 20, 31, 0, 27, 35, 38, 18, 8, 51, 0, 46, 40, 26, 10, 29, 49, 30, 28, 0, 44, 37, 2, 36, 50, 43, 23, 19, 15, 32, 16, 7, 4, 0, 47, 12, 48, 42, 45, 22, 1, 0, 9, 17, 41, 24, 11, 52, 34, 0, 25, 21, 13, 14, 5, 3, 39, 0] | D48: 3.8916929 | E48: A | F48: A_n52 | G48: A-n53-k7 | H48: vrp_20 | I48: 1 | J48: 1010 | K48: 0 | L48: 0 | M48: 1010 | N48: =IFERROR(B48/J48-1,"") -> 0.013595309 | P48: 0 | Q48: 0 | R48: 1 | V48: A-n53-k7
A49: 47 | B49: 1091.8982 | C49: [0, 33, 6, 20, 31, 0, 27, 35, 38, 18, 8, 51, 0, 46, 40, 26, 10, 49, 29, 44, 1, 0, 30, 37, 2, 36, 50, 43, 23, 19, 15, 32, 45, 0, 39, 3, 5, 14, 21, 25, 0, 34, 13, 52, 24, 11, 41, 9, 0, 4, 28, 22, 42, 48, 16, 12, 7, 0, 47, 17, 0] | D49: 3.5289092 | E49: A | F49: A_n52 | G49: A-n53-k7 | H49: vrp_50 | I49: 1 | J49: 1010 | K49: 0 | L49: 1010 | M49: 0 | N49: =IFERROR(B49/J49-1,"") -> 0.08108732 | P49: 0 | Q49: 1 | R49: 0 | U49: A-n53-k7
A50: 48 | B50: 1191.337 | C50: [0, 23, 20, 29, 36, 1, 17, 10, 15, 0, 13, 11, 38, 9, 33, 21, 45, 26, 35, 0, 44, 53, 3, 22, 0, 18, 5, 50, 39, 49, 7, 28, 4, 0, 19, 8, 31, 40, 48, 37, 12, 0, 16, 6, 27, 2, 14, 32, 52, 0, 34, 41, 46, 42, 24, 51, 47, 25, 30, 0, 43, 0] | D50: 3.8616569 | E50: A | F50: A_n53 | G50: A-n54-k7 | H50: vrp_100 | I50: 1 | J50: 1167 | K50: 1167 | L50: 0 | M50: 0 | N50: =IFERROR(B50/J50-1,"") -> 0.020854358 | P50: 1 | Q50: 0 | R50: 0 | T50: A-n54-k7
A51: 49 | B51: 1219.5427 | C51: [0, 30, 25, 47, 51, 24, 42, 46, 41, 34, 52, 0, 32, 14, 2, 12, 37, 48, 40, 31, 13, 0, 35, 11, 3, 22, 19, 8, 27, 0, 6, 53, 44, 9, 15, 0, 10, 17, 26, 45, 21, 33, 38, 0, 16, 29, 1, 36, 49, 20, 23, 0, 43, 4, 28, 7, 39, 50, 5, 18, 0] | D51: 3.784946 | E51: A | F51: A_n53 | G51: A-n54-k7 | H51: vrp_20 | I51: 1 | J51: 1167 | K51: 0 | L51: 0 | M51: 1167 | N51: =IFERROR(B51/J51-1,"") -> 0.045023757 | P51: 0 | Q51: 0 | R51: 1 | V51: A-n54-k7
A52: 50 | B52: 1173.3167 | C52: [0, 30, 25, 47, 51, 24, 42, 46, 41, 34, 52, 0, 14, 2, 12, 27, 6, 16, 0, 13, 11, 19, 8, 31, 40, 48, 37, 32, 0, 53, 22, 3, 44, 15, 0, 35, 10, 26, 45, 21, 33, 9, 38, 0, 23, 20, 49, 36, 1, 17, 29, 43, 0, 4, 28, 7, 39, 50, 5, 18, 0] | D52: 3.5621855 | E52: A | F52: A_n53 | G52: A-n54-k7 | H52: vrp_50 | I52: 1 | J52: 1167 | K52: 0 | L52: 1167 | M52: 0 | N52: =IFERROR(B52/J52-1,"") -> 0.0054127253 | P52: 0 | Q52: 1 | R52: 0 | U52: A-n54-k7
A53: 51 | B53: 1145.2159 | C53: [0, 22, 19, 27, 13, 28, 41, 0, 25, 54, 23, 52, 24, 44, 50, 0, 4, 30, 7, 42, 31, 26, 37, 0, 29, 18, 48, 1, 43, 6, 32, 0, 3, 34, 17, 20, 46, 14, 0, 45, 0, 35, 9, 49, 39, 47, 8, 0, 36, 33, 2, 51, 15, 11, 0, 12, 10, 5, 53, 40, 16, 38, 21, 0] | D53: 3.9414515 | E53: A | F53: A_n54 | G53: A-n55-k9 | H53: vrp_100 | I53: 1 | J53: 1073 | K53: 1073 | L53: 0 | M53: 0 | N53: =IFERROR(B53/J53-1,"") -> 0.067302835 | P53: 1 | Q53: 0 | R53: 0 | T53: A-n55-k9
A54: 52 | B54: 1146.5979 | C54: [0, 30, 22, 19, 27, 13, 28, 0, 25, 41, 54, 52, 24, 44, 50, 0, 29, 23, 48, 18, 21, 8, 0, 6, 1, 45, 43, 0, 40, 16, 47, 39, 49, 9, 35, 0, 32, 38, 53, 5, 10, 12, 0, 33, 15, 11, 51, 2, 17, 0, 36, 37, 3, 34, 46, 14, 0, 26, 20, 31, 42, 7, 4, 0] | D54: 4.8907831 | E54: A | F54: A_n54 | G54: A-n55-k9 | H54: vrp_20 | I54: 1 | J54: 1073 | K54: 0 | L54: 0 | M54: 1073 | N54: =IFERROR(B54/J54-1,"") -> 0.068590774 | P54: 0 | Q54: 0 | R54: 1 | V54: A-n55-k9
A55: 53 | B55: 1092.6515 | C55: [0, 4, 7, 42, 31, 20, 46, 26, 0, 30, 22, 19, 27, 13, 28, 0, 54, 23, 52, 24, 44, 48, 50, 29, 0, 37, 14, 3, 17, 34, 33, 36, 0, 2, 51, 11, 15, 5, 0, 8, 6, 45, 1, 0, 43, 35, 9, 49, 39, 47, 0, 32, 38, 16, 40, 53, 10, 12, 0, 21, 18, 41, 25, 0] | D55: 3.5954039 | E55: A | F55: A_n54 | G55: A-n55-k9 | H55: vrp_50 | I55: 1 | J55: 1073 | K55: 0 | L55: 1073 | M55: 0 | N55: =IFERROR(B55/J55-1,"") -> 0.018314529 | P55: 0 | Q55: 1 | R55: 0 | U55: A-n55-k9
A56: 54 | B56: 1379.5469 | C56: [0, 16, 20, 3, 11, 4, 21, 40, 46, 25, 0, 52, 59, 38, 33, 41, 0, 55, 15, 27, 37, 8, 13, 29, 7, 0, 35, 50, 39, 26, 17, 57, 19, 18, 0, 31, 53, 30, 49, 44, 28, 6, 0, 43, 56, 12, 51, 9, 32, 0, 2, 1, 36, 22, 10, 54, 5, 42, 0, 48, 45, 58, 0, 14, 47, 23, 24, 34, 0] | D56: 3.9028752 | E56: A | F56: A_n59 | G56: A-n60-k9 | H56: vrp_100 | I56: 1 | J56: 1354 | K56: 1354 | L56: 0 | M56: 0 | N56: =IFERROR(B56/J56-1,"") -> 0.018867707 | P56: 1 | Q56: 0 | R56: 0 | T56: A-n60-k9
A57: 55 | B57: 1410.3086 | C57: [0, 18, 52, 59, 38, 33, 41, 0, 19, 7, 13, 29, 37, 57, 27, 15, 35, 0, 55, 50, 39, 26, 17, 8, 0, 43, 56, 12, 51, 9, 32, 0, 58, 42, 45, 5, 54, 2, 0, 24, 10, 22, 48, 0, 23, 1, 36, 44, 49, 30, 53, 0, 14, 47, 34, 6, 28, 31, 21, 4, 0, 25, 46, 40, 11, 3, 20, 16, 0] | D57: 3.8256223 | E57: A | F57: A_n59 | G57: A-n60-k9 | H57: vrp_20 | I57: 1 | J57: 1354 | K57: 0 | L57: 0 | M57: 1354 | N57: =IFERROR(B57/J57-1,"") -> 0.041586849 | P57: 0 | Q57: 0 | R57: 1 | V57: A-n60-k9
A58: 56 | B58: 1385.636 | C58: [0, 16, 20, 3, 11, 4, 21, 40, 46, 25, 0, 19, 13, 29, 7, 59, 38, 18, 0, 8, 57, 37, 17, 27, 26, 15, 0, 32, 9, 51, 12, 56, 43, 50, 0, 31, 53, 30, 49, 44, 28, 6, 0, 1, 36, 22, 10, 54, 5, 42, 58, 0, 2, 48, 45, 0, 14, 47, 23, 24, 34, 0, 41, 33, 52, 55, 39, 35, 0] | D58: 3.4479377 | E58: A | F58: A_n59 | G58: A-n60-k9 | H58: vrp_50 | I58: 1 | J58: 1354 | K58: 0 | L58: 1354 | M58: 0 | N58: =IFERROR(B58/J58-1,"") -> 0.023364835 | P58: 0 | Q58: 1 | R58: 0 | U58: A-n60-k9
A59: 57 | B59: 1088.1638 | C59: [0, 34, 16, 48, 18, 35, 47, 58, 0, 56, 27, 21, 36, 29, 20, 41, 53, 0, 51, 9, 1, 11, 60, 44, 39, 0, 25, 6, 8, 5, 54, 46, 2, 0, 40, 49, 10, 59, 45, 37, 30, 33, 0, 50, 13, 17, 57, 52, 31, 28, 0, 19, 24, 3, 15, 7, 0, 38, 23, 0, 12, 22, 4, 26, 43, 32, 42, 0, 14, 55, 0] | D59: 3.369669 | E59: A | F59: A_n60 | G59: A-n61-k9 | H59: vrp_100 | I59: 1 | J59: 1034 | K59: 1034 | L59: 0 | M59: 0 | N59: =IFERROR(B59/J59-1,"") -> 0.052382803 | P59: 1 | Q59: 0 | R59: 0 | T59: A-n61-k9
A60: 58 | B60: 1073.7109 | C60: [0, 50, 12, 22, 4, 26, 43, 55, 0, 33, 42, 32, 30, 37, 45, 59, 10, 0, 3, 38, 15, 0, 49, 2, 46, 54, 5, 41, 0, 24, 40, 8, 53, 6, 20, 25, 0, 58, 29, 36, 21, 27, 56, 47, 51, 0, 9, 34, 35, 18, 48, 16, 1, 0, 39, 44, 60, 11, 31, 52, 57, 17, 0, 13, 28, 0, 14, 7, 23, 19, 0] | D60: 3.8462729 | E60: A | F60: A_n60 | G60: A-n61-k9 | H60: vrp_20 | I60: 1 | J60: 1034 | K60: 0 | L60: 0 | M60: 1034 | N60: =IFERROR(B60/J60-1,"") -> 0.038405162 | P60: 0 | Q60: 0 | R60: 1 | V60: A-n61-k9
A61: 59 | B61: 1074.1986 | C61: [0, 49, 59, 45, 37, 30, 15, 0, 10, 38, 3, 0, 2, 46, 54, 5, 53, 6, 25, 0, 40, 8, 41, 20, 29, 36, 21, 27, 0, 58, 47, 56, 18, 35, 48, 16, 34, 0, 19, 24, 7, 23, 0, 12, 22, 4, 26, 43, 32, 42, 33, 0, 51, 9, 1, 11, 60, 44, 39, 0, 50, 13, 17, 57, 52, 31, 28, 0, 14, 55, 0] | D61: 4.1932976 | E61: A | F61: A_n60 | G61: A-n61-k9 | H61: vrp_50 | I61: 1 | J61: 1034 | K61: 0 | L61: 1034 | M61: 0 | N61: =IFERROR(B61/J61-1,"") -> 0.038876797 | P61: 0 | Q61: 1 | R61: 0 | U61: A-n61-k9
A62: 60 | B62: 1337.7933 | C62: [0, 36, 16, 37, 22, 44, 2, 52, 28, 0, 45, 47, 24, 42, 46, 13, 0, 56, 5, 1, 30, 18, 19, 38, 53, 0, 12, 9, 54, 3, 39, 27, 23, 41, 21, 4, 11, 25, 60, 0, 14, 31, 49, 35, 33, 58, 17, 55, 34, 0, 7, 61, 6, 32, 57, 50, 26, 59, 20, 0, 40, 29, 43, 8, 10, 51, 0, 48, 15, 0] | D62: 3.1158252 | E62: A | F62: A_n61 | G62: A-n62-k8 | H62: vrp_100 | I62: 1 | J62: 1288 | K62: 1288 | L62: 0 | M62: 0 | N62: =IFERROR(B62/J62-1,"") -> 0.038659422 | P62: 1 | Q62: 0 | R62: 0 | T62: A-n62-k8
A63: 61 | B63: 1364.3846 | C63: [0, 52, 36, 16, 37, 22, 44, 2, 38, 0, 12, 13, 18, 30, 46, 24, 47, 45, 0, 42, 3, 39, 27, 54, 1, 14, 53, 0, 5, 60, 9, 23, 41, 21, 4, 35, 49, 11, 25, 31, 34, 0, 59, 55, 26, 33, 58, 17, 50, 0, 19, 48, 56, 0, 20, 40, 6, 32, 57, 43, 29, 0, 51, 10, 8, 61, 7, 15, 28, 0] | D63: 4.0444791 | E63: A | F63: A_n61 | G63: A-n62-k8 | H63: vrp_20 | I63: 1 | J63: 1288 | K63: 0 | L63: 0 | M63: 1288 | N63: =IFERROR(B63/J63-1,"") -> 0.059304847 | P63: 0 | Q63: 0 | R63: 1 | V63: A-n62-k8
A64: 62 | B64: 1328.6812 | C64: [0, 36, 16, 37, 22, 44, 2, 52, 28, 0, 45, 47, 24, 3, 42, 18, 13, 53, 0, 11, 49, 4, 21, 41, 23, 27, 39, 46, 0, 12, 14, 5, 60, 25, 9, 54, 1, 30, 19, 38, 0, 55, 26, 50, 17, 58, 33, 35, 31, 34, 0, 61, 6, 32, 57, 59, 40, 20, 0, 15, 48, 56, 0, 7, 29, 43, 8, 10, 51, 0] | D64: 3.1809607 | E64: A | F64: A_n61 | G64: A-n62-k8 | H64: vrp_50 | I64: 1 | J64: 1288 | K64: 0 | L64: 1288 | M64: 0 | N64: =IFERROR(B64/J64-1,"") -> 0.031584746 | P64: 0 | Q64: 1 | R64: 0 | U64: A-n62-k8
A65: 63 | B65: 1640.2545 | C65: [0, 20, 34, 2, 30, 29, 54, 19, 0, 5, 45, 27, 59, 24, 8, 49, 13, 0, 26, 25, 60, 61, 16, 7, 0, 36, 48, 3, 41, 42, 10, 0, 9, 38, 31, 43, 46, 1, 18, 47, 0, 21, 55, 32, 58, 40, 14, 50, 22, 0, 35, 51, 57, 4, 62, 52, 23, 39, 0, 53, 17, 37, 6, 28, 12, 0, 11, 33, 44, 15, 56, 0] | D65: 5.4418101 | E65: A | F65: A_n62 | G65: A-n63-k9 | H65: vrp_100 | I65: 2 | J65: 1616 | K65: 1616 | L65: 0 | M65: 0 | N65: =IFERROR(B65/J65-1,"") -> 0.015008983 | P65: 2 | Q65: 0 | R65: 0 | T65: A-n63-k9
A66: 64 | B66: 1343.3353 | C66: [0, 52, 43, 36, 48, 0, 30, 38, 4, 26, 13, 0, 20, 28, 57, 32, 34, 11, 47, 44, 50, 0, 62, 31, 51, 22, 58, 24, 23, 21, 0, 37, 60, 33, 55, 7, 0, 61, 46, 54, 0, 16, 8, 27, 6, 35, 29, 0, 59, 10, 19, 42, 3, 39, 45, 5, 18, 49, 0, 1, 41, 9, 12, 2, 14, 40, 0, 25, 15, 53, 56, 17, 0] | D66: 5.4418101 | E66: A | F66: A_n62 | G66: A-n63-k10 | H66: vrp_100 | I66: 2 | J66: 1314 | K66: 1314 | L66: 0 | M66: 0 | N66: =IFERROR(B66/J66-1,"") -> 0.022325211 | P66: 2 | Q66: 0 | R66: 0 | T66: A-n63-k10
A67: 65 | B67: 1666.6997 | C67: [0, 53, 35, 50, 32, 58, 14, 40, 55, 21, 0, 28, 22, 17, 51, 37, 6, 16, 0, 10, 39, 23, 52, 62, 57, 12, 15, 0, 47, 4, 18, 1, 46, 31, 38, 43, 0, 61, 42, 9, 41, 3, 7, 0, 60, 48, 36, 24, 59, 49, 0, 13, 34, 8, 27, 45, 5, 2, 30, 0, 11, 33, 44, 56, 0, 19, 25, 29, 54, 20, 26, 0] | D67: 6.9907918 | E67: A | F67: A_n62 | G67: A-n63-k9 | H67: vrp_20 | I67: 2 | J67: 1616 | K67: 0 | L67: 0 | M67: 1616 | N67: =IFERROR(B67/J67-1,"") -> 0.031373581 | P67: 0 | Q67: 0 | R67: 2 | V67: A-n63-k9
A68: 66 | B68: 1354.1973 | C68: [0, 10, 59, 18, 5, 19, 42, 3, 39, 45, 49, 40, 0, 56, 14, 53, 15, 25, 0, 1, 41, 2, 9, 12, 6, 54, 29, 0, 16, 35, 27, 8, 37, 0, 7, 21, 61, 60, 33, 55, 0, 23, 46, 24, 0, 31, 51, 58, 22, 11, 34, 47, 44, 62, 0, 50, 28, 57, 32, 13, 26, 0, 17, 20, 4, 38, 30, 0, 48, 36, 43, 52, 0] | D68: 6.9907918 | E68: A | F68: A_n62 | G68: A-n63-k10 | H68: vrp_20 | I68: 2 | J68: 1314 | K68: 0 | L68: 0 | M68: 1314 | N68: =IFERROR(B68/J68-1,"") -> 0.030591526 | P68: 0 | Q68: 0 | R68: 2 | V68: A-n63-k10
A69: 67 | B69: 1677.6056 | C69: [0, 54, 29, 5, 45, 27, 2, 30, 0, 60, 49, 8, 24, 59, 34, 13, 19, 0, 36, 48, 3, 41, 42, 16, 0, 26, 20, 25, 7, 56, 0, 61, 9, 38, 31, 46, 1, 18, 47, 52, 0, 10, 39, 23, 43, 4, 62, 37, 0, 21, 55, 40, 14, 58, 32, 50, 57, 0, 28, 6, 51, 35, 17, 22, 53, 0, 15, 12, 44, 33, 11, 0] | D69: 6.727206 | E69: A | F69: A_n62 | G69: A-n63-k9 | H69: vrp_50 | I69: 2 | J69: 1616 | K69: 0 | L69: 1616 | M69: 0 | N69: =IFERROR(B69/J69-1,"") -> 0.038122272 | P69: 0 | Q69: 2 | R69: 0 | U69: A-n63-k9
A70: 68 | B70: 1358.572 | C70: [0, 58, 51, 44, 47, 11, 34, 32, 57, 50, 0, 20, 62, 28, 13, 26, 4, 0, 31, 22, 55, 33, 24, 0, 7, 21, 23, 46, 54, 0, 61, 60, 37, 16, 53, 29, 0, 8, 35, 27, 6, 12, 41, 0, 14, 2, 9, 1, 39, 45, 49, 15, 0, 59, 10, 19, 42, 3, 5, 18, 25, 40, 0, 56, 17, 30, 38, 43, 0, 48, 36, 52, 0] | D70: 6.727206 | E70: A | F70: A_n62 | G70: A-n63-k10 | H70: vrp_50 | I70: 2 | J70: 1314 | K70: 0 | L70: 1314 | M70: 0 | N70: =IFERROR(B70/J70-1,"") -> 0.033920869 | P70: 0 | Q70: 2 | R70: 0 | U70: A-n63-k10
A71: 69 | B71: 1434.9302 | C71: [0, 18, 22, 12, 28, 43, 38, 0, 25, 29, 11, 57, 15, 45, 0, 17, 1, 27, 14, 30, 3, 53, 0, 35, 26, 21, 7, 40, 36, 44, 39, 50, 49, 55, 0, 33, 62, 48, 0, 6, 20, 51, 19, 42, 0, 23, 37, 59, 31, 5, 54, 4, 9, 0, 34, 58, 2, 63, 47, 46, 8, 16, 60, 32, 10, 0, 56, 52, 24, 61, 13, 41, 0] | D71: 3.3372197 | E71: A | F71: A_n63 | G71: A-n64-k9 | H71: vrp_100 | I71: 1 | J71: 1401 | K71: 1401 | L71: 0 | M71: 0 | N71: =IFERROR(B71/J71-1,"") -> 0.024218541 | P71: 1 | Q71: 0 | R71: 0 | T71: A-n64-k9
A72: 70 | B72: 1475 | C72: [0, 10, 41, 56, 52, 13, 61, 24, 42, 0, 32, 60, 16, 8, 46, 47, 63, 2, 58, 34, 9, 0, 4, 54, 5, 37, 23, 53, 0, 20, 19, 51, 48, 0, 30, 55, 49, 39, 44, 7, 36, 40, 50, 31, 59, 0, 11, 57, 3, 33, 0, 45, 62, 15, 29, 0, 17, 1, 27, 14, 21, 26, 35, 28, 43, 0, 6, 25, 38, 12, 22, 18, 0] | D72: 3.8166864 | E72: A | F72: A_n63 | G72: A-n64-k9 | H72: vrp_20 | I72: 1 | J72: 1401 | K72: 0 | L72: 0 | M72: 1401 | N72: =IFERROR(B72/J72-1,"") -> 0.052819415 | P72: 0 | Q72: 0 | R72: 1 | V72: A-n64-k9
A73: 71 | B73: 1445.0066 | C73: [0, 55, 49, 39, 44, 21, 7, 36, 40, 50, 31, 59, 9, 0, 53, 30, 27, 14, 26, 35, 1, 17, 11, 0, 34, 4, 5, 37, 23, 51, 0, 52, 60, 16, 8, 46, 47, 63, 2, 58, 54, 0, 57, 43, 28, 12, 22, 18, 0, 45, 15, 3, 62, 0, 33, 48, 20, 19, 0, 10, 41, 56, 13, 61, 24, 32, 42, 0, 6, 29, 38, 25, 0] | D73: 3.7508986 | E73: A | F73: A_n63 | G73: A-n64-k9 | H73: vrp_50 | I73: 1 | J73: 1401 | K73: 0 | L73: 1401 | M73: 0 | N73: =IFERROR(B73/J73-1,"") -> 0.031410844 | P73: 0 | Q73: 1 | R73: 0 | U73: A-n64-k9
A74: 72 | B74: 1227.8723 | C74: [0, 49, 4, 3, 36, 35, 37, 30, 0, 43, 27, 14, 9, 22, 15, 0, 60, 50, 16, 2, 38, 41, 45, 0, 47, 34, 31, 26, 6, 64, 46, 0, 5, 42, 61, 58, 20, 32, 53, 21, 0, 17, 51, 39, 7, 11, 63, 54, 48, 57, 0, 44, 56, 59, 40, 10, 52, 0, 1, 12, 13, 19, 24, 8, 25, 18, 0, 62, 28, 23, 33, 29, 55, 0] | D74: 3.3213315 | E74: A | F74: A_n64 | G74: A-n65-k9 | H74: vrp_100 | I74: 1 | J74: 1174 | K74: 1174 | L74: 0 | M74: 0 | N74: =IFERROR(B74/J74-1,"") -> 0.045887832 | P74: 1 | Q74: 0 | R74: 0 | T74: A-n65-k9
A75: 73 | B75: 1236.2219 | C75: [0, 51, 46, 64, 6, 26, 31, 47, 0, 17, 34, 9, 22, 14, 15, 0, 43, 27, 3, 36, 35, 4, 49, 0, 37, 30, 60, 50, 16, 41, 45, 0, 32, 20, 58, 61, 42, 38, 2, 5, 0, 53, 40, 44, 56, 21, 0, 55, 25, 59, 10, 8, 52, 19, 18, 0, 29, 24, 13, 12, 1, 33, 62, 0, 28, 23, 57, 48, 54, 63, 11, 7, 0, 39, 0] | D75: 3.962266 | E75: A | F75: A_n64 | G75: A-n65-k9 | H75: vrp_20 | I75: 1 | J75: 1174 | K75: 0 | L75: 0 | M75: 1174 | N75: =IFERROR(B75/J75-1,"") -> 0.052999935 | P75: 0 | Q75: 0 | R75: 1 | V75: A-n65-k9
A76: 74 | B76: 1230.293 | C76: [0, 46, 64, 6, 26, 31, 34, 47, 0, 43, 27, 14, 9, 22, 15, 0, 49, 4, 3, 36, 35, 37, 30, 0, 60, 50, 16, 2, 38, 41, 5, 0, 45, 32, 20, 42, 61, 58, 40, 56, 0, 53, 44, 59, 10, 8, 19, 0, 55, 21, 25, 52, 24, 13, 12, 0, 51, 17, 0, 39, 7, 11, 63, 54, 48, 57, 23, 0, 62, 28, 33, 1, 18, 29, 0] | D76: 3.5521543 | E76: A | F76: A_n64 | G76: A-n65-k9 | H76: vrp_50 | I76: 1 | J76: 1174 | K76: 0 | L76: 1174 | M76: 0 | N76: =IFERROR(B76/J76-1,"") -> 0.047949718 | P76: 0 | Q76: 1 | R76: 0 | U76: A-n65-k9
A77: 75 | B77: 1194.2821 | C77: [0, 31, 18, 53, 49, 33, 2, 64, 61, 67, 7, 0, 58, 66, 13, 44, 15, 3, 6, 51, 30, 9, 19, 0, 23, 12, 22, 24, 0, 68, 35, 45, 20, 41, 59, 8, 38, 29, 0, 40, 39, 56, 62, 43, 0, 16, 48, 1, 36, 10, 17, 32, 37, 0, 21, 55, 60, 4, 47, 65, 34, 0, 26, 54, 46, 5, 50, 52, 0, 28, 57, 42, 11, 63, 25, 14, 27, 0] | D77: 4.2214804 | E77: A | F77: A_n68 | G77: A-n69-k9 | H77: vrp_100 | I77: 1 | J77: 1159 | K77: 1159 | L77: 0 | M77: 0 | N77: =IFERROR(B77/J77-1,"") -> 0.03044185 | P77: 1 | Q77: 0 | R77: 0 | T77: A-n69-k9
A78: 76 | B78: 1212.9288 | C78: [0, 7, 67, 61, 64, 2, 33, 49, 9, 53, 31, 0, 34, 25, 47, 4, 60, 55, 21, 27, 0, 28, 57, 42, 14, 65, 0, 54, 11, 63, 46, 5, 52, 43, 0, 26, 37, 17, 32, 10, 36, 1, 48, 0, 50, 16, 62, 56, 39, 29, 0, 12, 40, 38, 8, 59, 20, 41, 68, 66, 0, 58, 13, 45, 35, 44, 15, 3, 6, 51, 30, 0, 24, 22, 23, 18, 19, 0] | D78: 5.130872 | E78: A | F78: A_n68 | G78: A-n69-k9 | H78: vrp_20 | I78: 1 | J78: 1159 | K78: 0 | L78: 0 | M78: 1159 | N78: =IFERROR(B78/J78-1,"") -> 0.046530486 | P78: 0 | Q78: 0 | R78: 1 | V78: A-n69-k9
A79: 77 | B79: 1185.1707 | C79: [0, 68, 41, 20, 59, 8, 39, 38, 40, 29, 0, 66, 13, 45, 35, 44, 15, 3, 6, 51, 0, 24, 22, 12, 58, 19, 0, 23, 30, 9, 49, 33, 53, 18, 0, 43, 48, 1, 36, 56, 62, 0, 26, 17, 32, 10, 50, 16, 52, 0, 31, 2, 64, 61, 67, 21, 27, 34, 0, 54, 46, 5, 37, 63, 11, 25, 42, 57, 0, 28, 14, 47, 4, 60, 55, 65, 7, 0] | D79: 4.4177952 | E79: A | F79: A_n68 | G79: A-n69-k9 | H79: vrp_50 | I79: 1 | J79: 1159 | K79: 0 | L79: 1159 | M79: 0 | N79: =IFERROR(B79/J79-1,"") -> 0.022580375 | P79: 0 | Q79: 1 | R79: 0 | U79: A-n69-k9
A80: 78 | B80: 1815.9269 | C80: [0, 49, 73, 36, 67, 66, 53, 42, 0, 38, 58, 32, 4, 22, 45, 72, 70, 0, 76, 50, 54, 9, 55, 33, 15, 41, 46, 64, 51, 0, 31, 27, 20, 75, 57, 19, 26, 35, 65, 69, 56, 47, 25, 77, 0, 21, 10, 71, 14, 48, 18, 79, 52, 0, 28, 34, 2, 37, 8, 6, 24, 0, 39, 60, 17, 29, 74, 13, 0, 59, 61, 16, 43, 68, 78, 30, 5, 12, 0, 3, 44, 23, 11, 63, 62, 0, 40, 7, 1, 0] | D80: 3.2986467 | E80: A | F80: A_n79 | G80: A-n80-k10 | H80: vrp_100 | I80: 1 | J80: 1763 | K80: 1763 | L80: 0 | M80: 0 | N80: =IFERROR(B80/J80-1,"") -> 0.030020919 | P80: 1 | Q80: 0 | R80: 0 | T80: A-n80-k10
A81: 79 | B81: 1869.995 | C81: [0, 40, 21, 7, 1, 42, 0, 63, 28, 48, 18, 14, 71, 10, 0, 62, 11, 34, 37, 2, 79, 52, 0, 29, 5, 30, 6, 24, 23, 44, 12, 0, 31, 57, 61, 16, 43, 68, 8, 78, 59, 27, 0, 60, 64, 15, 47, 56, 69, 65, 35, 26, 19, 75, 20, 17, 0, 53, 39, 74, 3, 77, 51, 13, 0, 46, 25, 41, 33, 55, 9, 54, 45, 0, 36, 67, 66, 70, 76, 72, 22, 4, 32, 50, 0, 73, 58, 38, 49, 0] | D81: 3.908067 | E81: A | F81: A_n79 | G81: A-n80-k10 | H81: vrp_20 | I81: 1 | J81: 1763 | K81: 0 | L81: 0 | M81: 1763 | N81: =IFERROR(B81/J81-1,"") -> 0.060689163 | P81: 0 | Q81: 0 | R81: 1 | V81: A-n80-k10
A82: 80 | B82: 1834.6694 | C82: [0, 38, 58, 32, 4, 22, 45, 72, 70, 0, 49, 73, 36, 66, 67, 53, 42, 0, 76, 50, 54, 9, 55, 33, 64, 39, 51, 0, 46, 25, 41, 15, 56, 69, 65, 35, 26, 47, 19, 57, 31, 0, 77, 3, 60, 17, 74, 13, 0, 29, 27, 59, 20, 75, 61, 16, 43, 68, 78, 0, 5, 30, 8, 37, 2, 6, 24, 0, 34, 52, 28, 79, 18, 48, 14, 71, 0, 12, 44, 23, 62, 11, 63, 0, 1, 7, 10, 21, 40, 0] | D82: 2.5883651 | E82: A | F82: A_n79 | G82: A-n80-k10 | H82: vrp_50 | I82: 1 | J82: 1763 | K82: 0 | L82: 1763 | M82: 0 | N82: =IFERROR(B82/J82-1,"") -> 0.040651976 | P82: 0 | Q82: 1 | R82: 0 | U82: A-n80-k10
A83: 81 | B83: 705.36749 | C83: [0, 21, 16, 18, 25, 5, 22, 4, 0, 20, 27, 10, 2, 14, 15, 11, 24, 28, 0, 13, 17, 19, 1, 3, 6, 9, 0, 29, 7, 30, 23, 12, 8, 0, 26, 0] | D83: 3.9129024 | E83: B | F83: B_n30 | G83: B-n31-k5 | H83: vrp_100 | I83: 1 | J83: 672 | K83: 672 | L83: 0 | M83: 0 | N83: =IFERROR(B83/J83-1,"") -> 0.049654007 | P83: 1 | Q83: 0 | R83: 0 | T83: B-n31-k5
A84: 82 | B84: 697.27563 | C84: [0, 20, 27, 10, 2, 14, 15, 11, 24, 28, 0, 26, 12, 23, 7, 8, 0, 30, 19, 1, 3, 13, 29, 0, 4, 6, 9, 17, 22, 0, 21, 25, 5, 18, 16, 0] | D84: 2.8668182 | E84: B | F84: B_n30 | G84: B-n31-k5 | H84: vrp_20 | I84: 1 | J84: 672 | K84: 0 | L84: 0 | M84: 672 | N84: =IFERROR(B84/J84-1,"") -> 0.037612552 | P84: 0 | Q84: 0 | R84: 1 | V84: B-n31-k5
A85: 83 | B85: 701.41492 | C85: [0, 20, 27, 10, 2, 14, 15, 11, 1, 0, 28, 24, 19, 3, 6, 9, 30, 8, 0, 26, 12, 23, 17, 13, 0, 29, 7, 22, 4, 0, 21, 25, 5, 18, 16, 0] | D85: 3.1799638 | E85: B | F85: B_n30 | G85: B-n31-k5 | H85: vrp_50 | I85: 1 | J85: 672 | K85: 0 | L85: 672 | M85: 0 | N85: =IFERROR(B85/J85-1,"") -> 0.043772198 | P85: 0 | Q85: 1 | R85: 0 | U85: B-n31-k5
A86: 84 | B86: 800.85382 | C86: [0, 15, 13, 28, 31, 17, 25, 6, 5, 0, 3, 27, 29, 24, 14, 16, 18, 19, 1, 0, 9, 26, 8, 12, 0, 20, 10, 23, 33, 32, 0, 11, 30, 22, 4, 7, 21, 2, 0] | D86: 3.8479691 | E86: B | F86: B_n33 | G86: B-n34-k5 | H86: vrp_100 | I86: 1 | J86: 788 | K86: 788 | L86: 0 | M86: 0 | N86: =IFERROR(B86/J86-1,"") -> 0.016311955 | P86: 1 | Q86: 0 | R86: 0 | T86: B-n34-k5
A87: 85 | B87: 795.04431 | C87: [0, 5, 6, 25, 17, 31, 28, 13, 15, 0, 3, 27, 29, 24, 14, 16, 18, 19, 1, 0, 9, 26, 8, 20, 0, 12, 10, 23, 33, 32, 22, 0, 4, 7, 21, 2, 30, 11, 0] | D87: 2.7891562 | E87: B | F87: B_n33 | G87: B-n34-k5 | H87: vrp_20 | I87: 1 | J87: 788 | K87: 0 | L87: 0 | M87: 788 | N87: =IFERROR(B87/J87-1,"") -> 0.0089394816 | P87: 0 | Q87: 0 | R87: 1 | V87: B-n34-k5
A88: 86 | B88: 794.89258 | C88: [0, 5, 6, 25, 17, 31, 28, 13, 15, 0, 3, 27, 29, 24, 14, 16, 18, 19, 1, 0, 9, 26, 8, 12, 0, 10, 23, 33, 32, 22, 0, 20, 4, 7, 21, 2, 30, 11, 0] | D88: 3.068002 | E88: B | F88: B_n33 | G88: B-n34-k5 | H88: vrp_50 | I88: 1 | J88: 788 | K88: 0 | L88: 788 | M88: 0 | N88: =IFERROR(B88/J88-1,"") -> 0.0087469266 | P88: 0 | Q88: 1 | R88: 0 | U88: B-n34-k5
A89: 87 | B89: 1002.6036 | C89: [0, 8, 6, 33, 31, 25, 21, 0, 18, 26, 3, 34, 27, 24, 4, 14, 0, 29, 17, 12, 10, 16, 7, 20, 0, 28, 5, 22, 30, 11, 15, 0, 9, 23, 1, 13, 32, 2, 19, 0] | D89: 3.7359078 | E89: B | F89: B_n34 | G89: B-n35-k5 | H89: vrp_100 | I89: 1 | J89: 955 | K89: 955 | L89: 0 | M89: 0 | N89: =IFERROR(B89/J89-1,"") -> 0.049846741 | P89: 1 | Q89: 0 | R89: 0 | T89: B-n35-k5
A90: 88 | B90: 971.17859 | C90: [0, 29, 17, 10, 16, 12, 20, 0, 7, 9, 23, 1, 13, 32, 2, 19, 11, 15, 0, 22, 30, 5, 28, 4, 24, 14, 34, 0, 27, 3, 33, 6, 18, 26, 0, 8, 31, 25, 21, 0] | D90: 2.503195 | E90: B | F90: B_n34 | G90: B-n35-k5 | H90: vrp_20 | I90: 1 | J90: 955 | K90: 0 | L90: 0 | M90: 955 | N90: =IFERROR(B90/J90-1,"") -> 0.016940931 | P90: 0 | Q90: 0 | R90: 1 | V90: B-n35-k5
A91: 89 | B91: 995.89642 | C91: [0, 21, 25, 8, 31, 33, 3, 6, 0, 18, 26, 27, 24, 28, 4, 14, 0, 34, 22, 30, 5, 11, 19, 0, 15, 2, 32, 13, 1, 23, 10, 16, 9, 7, 20, 0, 12, 29, 17, 0] | D91: 3.5872989 | E91: B | F91: B_n34 | G91: B-n35-k5 | H91: vrp_50 | I91: 1 | J91: 955 | K91: 0 | L91: 955 | M91: 0 | N91: =IFERROR(B91/J91-1,"") -> 0.04282348 | P91: 0 | Q91: 1 | R91: 0 | U91: B-n35-k5
A92: 90 | B92: 818.05219 | C92: [0, 20, 10, 1, 15, 14, 0, 21, 28, 3, 32, 11, 22, 16, 0, 13, 37, 35, 2, 30, 6, 9, 31, 0, 26, 19, 0, 23, 18, 33, 4, 5, 27, 0, 36, 17, 8, 34, 24, 29, 12, 7, 25, 0] | D92: 3.65624 | E92: B | F92: B_n37 | G92: B-n38-k6 | H92: vrp_100 | I92: 1 | J92: 805 | K92: 805 | L92: 0 | M92: 0 | N92: =IFERROR(B92/J92-1,"") -> 0.016213894 | P92: 1 | Q92: 0 | R92: 0 | T92: B-n38-k6
A93: 91 | B93: 819.34229 | C93: [0, 36, 17, 8, 34, 24, 29, 12, 7, 27, 31, 0, 25, 5, 4, 18, 33, 23, 0, 16, 9, 30, 2, 35, 37, 13, 3, 0, 32, 28, 1, 10, 20, 15, 0, 19, 6, 22, 11, 21, 14, 0, 26, 0] | D93: 2.6201272 | E93: B | F93: B_n37 | G93: B-n38-k6 | H93: vrp_20 | I93: 1 | J93: 805 | K93: 0 | L93: 0 | M93: 805 | N93: =IFERROR(B93/J93-1,"") -> 0.017816503 | P93: 0 | Q93: 0 | R93: 1 | V93: B-n38-k6
A94: 92 | B94: 820.84845 | C94: [0, 20, 10, 1, 15, 14, 0, 28, 13, 35, 2, 37, 3, 32, 0, 30, 23, 18, 33, 4, 5, 0, 7, 27, 12, 29, 24, 34, 8, 17, 36, 0, 26, 16, 22, 11, 21, 0, 31, 9, 19, 6, 25, 0] | D94: 3.6134982 | E94: B | F94: B_n37 | G94: B-n38-k6 | H94: vrp_50 | I94: 1 | J94: 805 | K94: 0 | L94: 805 | M94: 0 | N94: =IFERROR(B94/J94-1,"") -> 0.019687515 | P94: 0 | Q94: 1 | R94: 0 | U94: B-n38-k6
A95: 93 | B95: 602.88544 | C95: [0, 32, 23, 30, 16, 22, 37, 21, 24, 33, 2, 1, 0, 10, 13, 18, 6, 19, 34, 9, 0, 36, 17, 27, 38, 35, 4, 28, 0, 25, 26, 12, 11, 15, 5, 0, 29, 20, 7, 8, 14, 3, 31, 0] | D95: 3.5080392 | E95: B | F95: B_n38 | G95: B-n39-k5 | H95: vrp_100 | I95: 1 | J95: 549 | K95: 549 | L95: 0 | M95: 0 | N95: =IFERROR(B95/J95-1,"") -> 0.09815198 | P95: 1 | Q95: 0 | R95: 0 | T95: B-n39-k5
A96: 94 | B96: 571.85718 | C96: [0, 9, 34, 19, 20, 6, 18, 13, 7, 0, 2, 33, 21, 24, 37, 23, 30, 16, 22, 26, 1, 0, 29, 8, 10, 14, 0, 3, 28, 4, 35, 38, 27, 36, 0, 31, 17, 32, 25, 12, 11, 15, 5, 0] | D96: 3.023344 | E96: B | F96: B_n38 | G96: B-n39-k5 | H96: vrp_20 | I96: 1 | J96: 549 | K96: 0 | L96: 0 | M96: 549 | N96: =IFERROR(B96/J96-1,"") -> 0.041634204 | P96: 0 | Q96: 0 | R96: 1 | V96: B-n39-k5
A97: 95 | B97: 564.70636 | C97: [0, 28, 4, 35, 27, 17, 36, 31, 0, 38, 23, 30, 16, 22, 37, 24, 21, 33, 2, 32, 0, 7, 19, 20, 6, 18, 10, 13, 14, 0, 5, 15, 11, 12, 26, 25, 1, 3, 0, 29, 9, 34, 8, 0] | D97: 3.752522 | E97: B | F97: B_n38 | G97: B-n39-k5 | H97: vrp_50 | I97: 1 | J97: 549 | K97: 0 | L97: 549 | M97: 0 | N97: =IFERROR(B97/J97-1,"") -> 0.028609034 | P97: 0 | Q97: 1 | R97: 0 | U97: B-n39-k5
A98: 96 | B98: 861.25934 | C98: [0, 7, 16, 10, 23, 12, 32, 0, 1, 29, 8, 36, 40, 20, 30, 0, 14, 17, 28, 34, 33, 11, 6, 0, 13, 22, 31, 15, 5, 26, 19, 0, 25, 35, 2, 24, 0, 9, 37, 3, 18, 21, 0, 39, 27, 38, 4, 0] | D98: 3.8638322 | E98: B | F98: B_n40 | G98: B-n41-k6 | H98: vrp_100 | I98: 1 | J98: 829 | K98: 829 | L98: 0 | M98: 0 | N98: =IFERROR(B98/J98-1,"") -> 0.038913557 | P98: 1 | Q98: 0 | R98: 0 | T98: B-n41-k6
A99: 97 | B99: 848.23596 | C99: [0, 6, 11, 33, 34, 28, 17, 14, 1, 0, 29, 32, 12, 23, 10, 40, 0, 8, 36, 16, 20, 7, 13, 0, 30, 22, 31, 15, 5, 26, 19, 0, 39, 27, 38, 4, 0, 21, 18, 3, 37, 9, 2, 35, 24, 0, 25, 0] | D99: 2.9098594 | E99: B | F99: B_n40 | G99: B-n41-k6 | H99: vrp_20 | I99: 1 | J99: 829 | K99: 0 | L99: 0 | M99: 829 | N99: =IFERROR(B99/J99-1,"") -> 0.023203814 | P99: 0 | Q99: 0 | R99: 1 | V99: B-n41-k6
A100: 98 | B100: 857.04431 | C100: [0, 6, 33, 34, 11, 28, 17, 1, 0, 29, 14, 10, 23, 12, 32, 0, 36, 40, 20, 16, 7, 8, 0, 13, 30, 22, 31, 15, 5, 26, 0, 25, 35, 24, 0, 2, 9, 37, 3, 18, 21, 0, 39, 19, 27, 38, 4, 0] | D100: 3.8631899 | E100: B | F100: B_n40 | G100: B-n41-k6 | H100: vrp_50 | I100: 1 | J100: 829 | K100: 0 | L100: 829 | M100: 0 | N100: =IFERROR(B100/J100-1,"") -> 0.033829085 | P100: 0 | Q100: 1 | R100: 0 | U100: B-n41-k6
...

Sheet Planilha2
A1: ID | B1: instance | E1: name | I1: ID | J1: instance | M1: ID | N1: instance
A2: 0 | B2: A_n31 | C2: 1 | D2: A_n31 | E2: A-n32-k5 | F2: 1 | G2: 784 | I2: 2 | J2: A_n31 | K2: TRUE | M2: 1 | N2: A_n31 | O2: TRUE
A3: 3 | B3: A_n32 | C3: 2 | D3: A_n32 | E3: A-n33-k5 | F3: 1 | G3: 661 | I3: 7 | J3: A_n32 | K3: TRUE | M3: 5 | N3: A_n32 | O3: TRUE
A4: 4 | B4: A_n32 | C4: 2 | D4: A_n32_1 | E4: A-n33-k6 | F4: 1 | G4: 742 | I4: 8 | J4: A_n32 | K4: TRUE | M4: 6 | N4: A_n32 | O4: TRUE
A5: 9 | B5: A_n33 | C5: 1 | D5: A_n33 | E5: A-n34-k5 | F5: 1 | G5: 778 | I5: 11 | J5: A_n33 | K5: TRUE | M5: 10 | N5: A_n33 | O5: TRUE
A6: 12 | B6: A_n35 | C6: 1 | D6: A_n35 | E6: A-n36-k5 | F6: 1 | G6: 799 | I6: 14 | J6: A_n35 | K6: TRUE | M6: 13 | N6: A_n35 | O6: TRUE
A7: 15 | B7: A_n36 | C7: 2 | D7: A_n36 | E7: A-n37-k5 | F7: 1 | G7: 669 | I7: 19 | J7: A_n36 | K7: TRUE | M7: 17 | N7: A_n36 | O7: TRUE
A8: 16 | B8: A_n36 | C8: 2 | D8: A_n36_1 | E8: A-n37-k6 | F8: 1 | G8: 949 | I8: 20 | J8: A_n36 | K8: TRUE | M8: 18 | N8: A_n36 | O8: TRUE
A9: 21 | B9: A_n37 | C9: 1 | D9: A_n37 | E9: A-n38-k5 | F9: 1 | G9: 730 | I9: 23 | J9: A_n37 | K9: TRUE | M9: 22 | N9: A_n37 | O9: TRUE
A10: 24 | B10: A_n38 | C10: 2 | D10: A_n38 | E10: A-n39-k5 | F10: 1 | G10: 822 | I10: 28 | J10: A_n38 | K10: TRUE | M10: 26 | N10: A_n38 | O10: TRUE
A11: 25 | B11: A_n38 | C11: 2 | D11: A_n38_1 | E11: A-n39-k6 | F11: 1 | G11: 831 | I11: 29 | J11: A_n38 | K11: TRUE | M11: 27 | N11: A_n38 | O11: TRUE
A12: 30 | B12: A_n43 | C12: 1 | D12: A_n43 | E12: A-n44-k6 | F12: 1 | G12: 937 | I12: 32 | J12: A_n43 | K12: TRUE | M12: 31 | N12: A_n43 | O12: TRUE
A13: 33 | B13: A_n44 | C13: 2 | D13: A_n44 | E13: A-n45-k6 | F13: 1 | G13: 944 | I13: 37 | J13: A_n44 | K13: TRUE | M13: 35 | N13: A_n44 | O13: TRUE
... A86: 252 | B86: Li_n1040 | C86: 1 | D86: Li_n1040 | E86: Li_30 | F86: 1 | G86: 31742.639 | I86: 255 | J86: Li_n1040 | K86: TRUE | M86: 253 | N86: Li_n1040 | O86: TRUE
A87: 256 | B87: Li_n1120 | C87: 1 | D87: Li_n1120 | E87: Li_31 | F87: 1 | G87: 34330.94 | I87: 258 | J87: Li_n1120 | K87: TRUE | M87: 257 | N87: Li_n1120 | O87: TRUE | R87: 254 | S87: Li_n1040 | T87: FALSE
A88: 259 | B88: Li_n1200 | C88: 1 | D88: Li_n1200 | E88: Li_32 | F88: 1 | G88: 37159.413 | I88: 261 | J88: Li_n1200 | K88: TRUE | M88: 260 | N88: Li_n1200 | O88: TRUE
A89: 262 | B89: Li_n560 | C89: 1 | D89: Li_n560 | E89: Li_21 | F89: 1 | G89: 16212.825 | I89: 264 | J89: Li_n560 | K89: TRUE | M89: 263 | N89: Li_n560 | O89: TRUE
A90: 265 | B90: Li_n600 | C90: 1 | D90: Li_n600 | E90: Li_22 | F90: 1 | G90: 14499.045 | I90: 267 | J90: Li_n600 | K90: TRUE | M90: 266 | N90: Li_n600 | O90: TRUE
A91: 268 | B91: Li_n640 | C91: 1 | D91: Li_n640 | E91: Li_23 | F91: 1 | G91: 18801.128 | I91: 270 | J91: Li_n640 | K91: TRUE | M91: 269 | N91: Li_n640 | O91: TRUE
A92: 271 | B92: Li_n720 | C92: 1 | D92: Li_n720 | E92: Li_24 | F92: 1 | G92: 21389.43 | I92: 273 | J92: Li_n720 | K92: TRUE | M92: 272 | N92: Li_n720 | O92: TRUE
A93: 274 | B93: Li_n760 | C93: 1 | D93: Li_n760 | E93: Li_25 | F93: 1 | G93: 16665.7 | I93: 276 | J93: Li_n760 | K93: TRUE | M93: 275 | N93: Li_n760 | O93: TRUE
A94: 277 | B94: Li_n800 | C94: 1 | D94: Li_n800 | E94: Li_26 | F94: 1 | G94: 23977.733 | I94: 279 | J94: Li_n800 | K94: TRUE | M94: 278 | N94: Li_n800 | O94: TRUE
A95: 280 | B95: Li_n840 | C95: 1 | D95: Li_n840 | E95: Li_27 | F95: 1 | G95: 17320 | I95: 282 | J95: Li_n840 | K95: TRUE | M95: 281 | N95: Li_n840 | O95: TRUE
A96: 283 | B96: Li_n880 | C96: 1 | D96: Li_n880 | E96: Li_28 | F96: 1 | G96: 26566.034 | I96: 285 | J96: Li_n880 | K96: TRUE | M96: 284 | N96: Li_n880 | O96: TRUE
A97: 286 | B97: Li_n960 | C97: 1 | D97: Li_n960 | E97: Li_29 | F97: 1 | G97: 29154.336 | I97: 288 | J97: Li_n960 | K97: TRUE | M97: 287 | N97: Li_n960 | O97: TRUE
A98: 289 | B98: M_n100 | C98: 1 | D98: M_n100 | E98: M-n101-k10 | F98: 1 | G98: 820 | I98: 291 | J98: M_n100 | K98: TRUE | M98: 290 | N98: M_n100 | O98: TRUE
A99: 292 | B99: M_n120 | C99: 1 | D99: M_n120 | E99: M-n121-k7 | F99: 1 | G99: 1034 | I99: 294 | J99: M_n120 | K99: TRUE | M99: 293 | N99: M_n120 | O99: TRUE
... A139: 406 | B139: Taillard_n75 | C139: 4 | D139: Taillard_n75_3 | E139: Tai75d | F139: 1 | G139: 1365.42 | I139: 414 | J139: Taillard_n75 | K139: TRUE | M139: 410 | N139: Taillard_n75 | O139: TRUE
A140: 415 | B140: X_n100 | C140: 2 | D140: X_n100 | E140: X-n101-k25 | F140: 1 | G140: 27591 | I140: 418 | J140: X_n100 | K140: TRUE
A141: 416 | B141: X_n100 | C141: 2 | D141: X_n100_1 | F141: 0 | M141: 417 | N141: X_n100 | O141: TRUE
A142: 419 | B142: X_n1000 | C142: 1 | D142: X_n1000 | E142: X-n1001-k43 | F142: 1 | G142: 72355 | I142: 421 | J142: X_n1000 | K142: TRUE | M142: 420 | N142: X_n1000 | O142: TRUE
A143: 422 | B143: X_n105 | C143: 1 | D143: X_n105 | E143: X-n106-k14 | F143: 1 | G143: 26362 | I143: 424 | J143: X_n105 | K143: TRUE | M143: 423 | N143: X_n105 | O143: TRUE
A144: 425 | B144: X_n109 | C144: 1 | D144: X_n109 | E144: X-n110-k13 | F144: 1 | G144: 14971 | I144: 427 | J144: X_n109 | K144: TRUE | M144: 426 | N144: X_n109 | O144: TRUE
A145: 428 | B145: X_n114 | C145: 1 | D145: X_n114 | E145: X-n115-k10 | F145: 1 | G145: 12747 | I145: 430 | J145: X_n114 | K145: TRUE | M145: 429 | N145: X_n114 | O145: TRUE
A146: 431 | B146: X_n119 | C146: 1 | D146: X_n119 | E146: X-n120-k6 | F146: 1 | G146: 13332 | I146: 433 | J146: X_n119 | K146: TRUE | M146: 432 | N146: X_n119 | O146: TRUE
A147: 434 | B147: X_n124 | C147: 1 | D147: X_n124 | E147: X-n125-k30 | F147: 1 | G147: 55539 | I147: 436 | J147: X_n124 | K147: TRUE | M147: 435 | N147: X_n124 | O147: TRUE
A148: 437 | B148: X_n128 | C148: 1 | D148: X_n128 | E148: X-n129-k18 | F148: 1 | G148: 28940 | I148: 439 | J148: X_n128 | K148: TRUE | M148: 438 | N148: X_n128 | O148: TRUE
A149: 440 | B149: X_n133 | C149: 1 | D149: X_n133 | E149: X-n134-k13 | F149: 1 | G149: 10916 | I149: 442 | J149: X_n133 | K149: TRUE | M149: 441 | N149: X_n133 | O149: TRUE
A150: 443 | B150: X_n138 | C150: 1 | D150: X_n138 | E150: X-n139-k10 | F150: 1 | G150: 13590 | I150: 445 | J150: X_n138 | K150: TRUE | M150: 444 | N150: X_n138 | O150: TRUE
A151: 446 | B151: X_n142 | C151: 1 | D151: X_n142 | E151: X-n143-k7 | F151: 1 | G151: 15700 | I151: 448 | J151: X_n142 | K151: TRUE | M151: 447 | N151: X_n142 | O151: TRUE
A152: 449 | B152: X_n147 | C152: 1 | D152: X_n147 | E152: X-n148-k46 | F152: 1 | G152: 43448 | I152: 451 | J152: X_n147 | K152: TRUE | M152: 450 | N152: X_n147 | O152: TRUE
A153: 452 | B153: X_n152 | C153: 1 | D153: X_n152 | E153: X-n153-k22 | F153: 1 | G153: 21220 | I153: 454 | J153: X_n152 | K153: TRUE | M153: 453 | N153: X_n152 | O153: TRUE
... A240: 713 | B240: X_n978 | C240: 1 | D240: X_n978 | E240: X-n979-k58 | F240: 1 | G240: 118976 | I240: 715 | J240: X_n978 | K240: TRUE | M240: 714 | N240: X_n978 | O240: TRUE

Sheet Analise_Instancias
A1: Set | B1: Instância | C1: n clientes | D1: BKS | E1: Custo vrp_20 | F1: Gap vrp_20 | G1: Tempo vrp_20 | H1: Custo vrp_50 | I1: Gap vrp_50 | J1: Tempo vrp_50 | K1: Custo vrp_100 | L1: Gap vrp_100 | M1: Tempo vrp_100 | N1: Melhor custo | O1: Melhor gap | P1: Melhor modelo | Q1: Tempo portfólio | R1: Faixa tamanho | S1: Classe gap | T1: Flag auditoria | U1: Tempo modelo escolhido | V1: Ganho portfólio vs vrp_100
A2: A | B2: A-n32-k5 | C2: 31 | D2: =Data!J2 -> 784 | E2: =Data!B3 -> 792.38147 | F2: =IF(E2="","",IFERROR(E2/D2-1,"")) -> 0.01069065 | G2: =Data!D3 -> 2.458679 | H2: =Data!B4 -> 832.48456 | I2: =IF(H2="","",IFERROR(H2/D2-1,"")) -> 0.061842549 | J2: =Data!D4 -> 3.4842 | K2: =Data!B2 -> 833.01886 | L2: =IF(K2="","",IFERROR(K2/D2-1,"")) -> 0.062524056 | M2: =Data!D2 -> 3.2406287 | N2: =MIN(E2,H2,K2) -> 792.38147 | O2: =MIN(F2,I2,L2) -> 0.01069065 | P2: =IF(N2=E2,"vrp_20",IF(N2=H2,"vrp_50","vrp_100")) -> vrp_20 | Q2: =SUM(G2,J2,M2) -> 9.1835077 | R2: =IF(C2<=50,"≤50",IF(C2<=100,"51-100",IF(C2<=200,"101-200",IF(C2<=500,"201-500",">500")))) -> ≤50 | S2: =IF(O2<=0,"≤0%",IF(O2<=0.01,"0-1%",IF(O2<=0.02,"1-2%",IF(O2<=0.05,"2-5%",IF(O2<=0.1,"5-10%",">10%"))))) -> 1-2% | T2: =IF(O2<0,"VERIFICAR: gap < 0",IF(O2>0.2,"ATENÇÃO: gap > 20%","")) | U2: =IF(P2="vrp_20",G2,IF(P2="vrp_50",J2,M2)) -> 2.458679 | V2: =L2-O2 -> 0.051833406
A3: A | B3: A-n33-k5 | C3: 32 | D3: =Data!J5 -> 661 | E3: =Data!B7 -> 674.85706 | F3: =IF(E3="","",IFERROR(E3/D3-1,"")) -> 0.020963776 | G3: =Data!D7 -> 1.9951878 | H3: =Data!B9 -> 674.11652 | I3: =IF(H3="","",IFERROR(H3/D3-1,"")) -> 0.019843443 | J3: =Data!D9 -> 3.653559 | K3: =Data!B5 -> 730.66632 | L3: =IF(K3="","",IFERROR(K3/D3-1,"")) -> 0.10539534 | M3: =Data!D5 -> 3.5166168 | N3: =MIN(E3,H3,K3) -> 674.11652 | O3: =MIN(F3,I3,L3) -> 0.019843443 | P3: =IF(N3=E3,"vrp_20",IF(N3=H3,"vrp_50","vrp_100")) -> vrp_50 | Q3: =SUM(G3,J3,M3) -> 9.1653636 | R3: =IF(C3<=50,"≤50",IF(C3<=100,"51-100",IF(C3<=200,"101-200",IF(C3<=500,"201-500",">500")))) -> ≤50 | S3: =IF(O3<=0,"≤0%",IF(O3<=0.01,"0-1%",IF(O3<=0.02,"1-2%",IF(O3<=0.05,"2-5%",IF(O3<=0.1,"5-10%",">10%"))))) -> 1-2% | T3: =IF(O3<0,"VERIFICAR: gap < 0",IF(O3>0.2,"ATENÇÃO: gap > 20%","")) | U3: =IF(P3="vrp_20",G3,IF(P3="vrp_50",J3,M3)) -> 3.653559 | V3: =L3-O3 -> 0.085551898
A4: A | B4: A-n33-k6 | C4: 32 | D4: =Data!J6 -> 742 | E4: =Data!B8 -> 762.57526 | F4: =IF(E4="","",IFERROR(E4/D4-1,"")) -> 0.027729456 | G4: =Data!D8 -> 1.9951878 | H4: =Data!B10 -> 744.56445 | I4: =IF(H4="","",IFERROR(H4/D4-1,"")) -> 0.0034561363 | J4: =Data!D10 -> 3.653559 | K4: =Data!B6 -> 777.43854 | L4: =IF(K4="","",IFERROR(K4/D4-1,"")) -> 0.047760832 | M4: =Data!D6 -> 3.5166168 | N4: =MIN(E4,H4,K4) -> 744.56445 | O4: =MIN(F4,I4,L4) -> 0.0034561363 | P4: =IF(N4=E4,"vrp_20",IF(N4=H4,"vrp_50","vrp_100")) -> vrp_50 | Q4: =SUM(G4,J4,M4) -> 9.1653636 | R4: =IF(C4<=50,"≤50",IF(C4<=100,"51-100",IF(C4<=200,"101-200",IF(C4<=500,"201-500",">500")))) -> ≤50 | S4: =IF(O4<=0,"≤0%",IF(O4<=0.01,"0-1%",IF(O4<=0.02,"1-2%",IF(O4<=0.05,"2-5%",IF(O4<=0.1,"5-10%",">10%"))))) -> 0-1% | T4: =IF(O4<0,"VERIFICAR: gap < 0",IF(O4>0.2,"ATENÇÃO: gap > 20%","")) | U4: =IF(P4="vrp_20",G4,IF(P4="vrp_50",J4,M4)) -> 3.653559 | V4: =L4-O4 -> 0.044304696
A5: A | B5: A-n34-k5 | C5: 33 | D5: =Data!J11 -> 778 | E5: =Data!B12 -> 802.79089 | F5: =IF(E5="","",IFERROR(E5/D5-1,"")) -> 0.031864902 | G5: =Data!D12 -> 1.9882326 | H5: =Data!B13 -> 790.22095 | I5: =IF(H5="","",IFERROR(H5/D5-1,"")) -> 0.015708158 | J5: =Data!D13 -> 3.712981 | K5: =Data!B11 -> 787.43042 | L5: =IF(K5="","",IFERROR(K5/D5-1,"")) -> 0.012121362 | M5: =Data!D11 -> 3.6198652 | N5: =MIN(E5,H5,K5) -> 787.43042 | O5: =MIN(F5,I5,L5) -> 0.012121362 | P5: =IF(N5=E5,"vrp_20",IF(N5=H5,"vrp_50","vrp_100")) -> vrp_100 | Q5: =SUM(G5,J5,M5) -> 9.3210788 | R5: =IF(C5<=50,"≤50",IF(C5<=100,"51-100",IF(C5<=200,"101-200",IF(C5<=500,"201-500",">500")))) -> ≤50 | S5: =IF(O5<=0,"≤0%",IF(O5<=0.01,"0-1%",IF(O5<=0.02,"1-2%",IF(O5<=0.05,"2-5%",IF(O5<=0.1,"5-10%",">10%"))))) -> 1-2% | T5: =IF(O5<0,"VERIFICAR: gap < 0",IF(O5>0.2,"ATENÇÃO: gap > 20%","")) | U5: =IF(P5="vrp_20",G5,IF(P5="vrp_50",J5,M5)) -> 3.6198652 | V5: =L5-O5 -> 0
A6: A | B6: A-n36-k5 | C6: 35 | D6: =Data!J14 -> 799 | E6: =Data!B15 -> 821.14111 | F6: =IF(E6="","",IFERROR(E6/D6-1,"")) -> 0.02771103 | G6: =Data!D15 -> 2.277431 | H6: =Data!B16 -> 868.58826 | I6: =IF(H6="","",IFERROR(H6/D6-1,"")) -> 0.087094189 | J6: =Data!D16 -> 3.8794634 | K6: =Data!B14 -> 810.0708 | L6: =IF(K6="","",IFERROR(K6/D6-1,"")) -> 0.013855821 | M6: =Data!D14 -> 3.7884512 | N6: =MIN(E6,H6,K6) -> 810.0708 | O6: =MIN(F6,I6,L6) -> 0.013855821 | P6: =IF(N6=E6,"vrp_20",IF(N6=H6,"vrp_50","vrp_100")) -> vrp_100 | Q6: =SUM(G6,J6,M6) -> 9.9453456 | R6: =IF(C6<=50,"≤50",IF(C6<=100,"51-100",IF(C6<=200,"101-200",IF(C6<=500,"201-500",">500")))) -> ≤50 | S6: =IF(O6<=0,"≤0%",IF(O6<=0.01,"0-1%",IF(O6<=0.02,"1-2%",IF(O6<=0.05,"2-5%",IF(O6<=0.1,"5-10%",">10%"))))) -> 1-2% | T6: =IF(O6<0,"VERIFICAR: gap < 0",IF(O6>0.2,"ATENÇÃO: gap > 20%","")) | U6: =IF(P6="vrp_20",G6,IF(P6="vrp_50",J6,M6)) -> 3.7884512 | V6: =L6-O6 -> 0
A7: A | B7: A-n37-k5 | C7: 36 | D7: =Data!J17 -> 669 | E7: =Data!B19 -> 697.43799 | F7: =IF(E7="","",IFERROR(E7/D7-1,"")) -> 0.042508204 | G7: =Data!D19 -> 4.4269788 | H7: =Data!B21 -> 698.95752 | I7: =IF(H7="","",IFERROR(H7/D7-1,"")) -> 0.044779551 | J7: =Data!D21 -> 3.9273241 | K7: =Data!B17 -> 740.34631 | L7: =IF(K7="","",IFERROR(K7/D7-1,"")) -> 0.10664621 | M7: =Data!D17 -> 3.6620553 | N7: =MIN(E7,H7,K7) -> 697.43799 | O7: =MIN(F7,I7,L7) -> 0.042508204 | P7: =IF(N7=E7,"vrp_20",IF(N7=H7,"vrp_50","vrp_100")) -> vrp_20 | Q7: =SUM(G7,J7,M7) -> 12.016358 | R7: =IF(C7<=50,"≤50",IF(C7<=100,"51-100",IF(C7<=200,"101-200",IF(C7<=500,"201-500",">500")))) -> ≤50 | S7: =IF(O7<=0,"≤0%",IF(O7<=0.01,"0-1%",IF(O7<=0.02,"1-2%",IF(O7<=0.05,"2-5%",IF(O7<=0.1,"5-10%",">10%"))))) -> 2-5% | T7: =IF(O7<0,"VERIFICAR: gap < 0",IF(O7>0.2,"ATENÇÃO: gap > 20%","")) | U7: =IF(P7="vrp_20",G7,IF(P7="vrp_50",J7,M7)) -> 4.4269788 | V7: =L7-O7 -> 0.064138005
A8: A | B8: A-n37-k6 | C8: 36 | D8: =Data!J18 -> 949 | E8: =Data!B20 -> 981.73938 | F8: =IF(E8="","",IFERROR(E8/D8-1,"")) -> 0.03449882 | G8: =Data!D20 -> 4.4269788 | H8: =Data!B22 -> 957.02979 | I8: =IF(H8="","",IFERROR(H8/D8-1,"")) -> 0.0084613121 | J8: =Data!D22 -> 3.9273241 | K8: =Data!B18 -> 956.7439 | L8: =IF(K8="","",IFERROR(K8/D8-1,"")) -> 0.0081600595 | M8: =Data!D18 -> 3.6620553 | N8: =MIN(E8,H8,K8) -> 956.7439 | O8: =MIN(F8,I8,L8) -> 0.0081600595 | P8: =IF(N8=E8,"vrp_20",IF(N8=H8,"vrp_50","vrp_100")) -> vrp_100 | Q8: =SUM(G8,J8,M8) -> 12.016358 | R8: =IF(C8<=50,"≤50",IF(C8<=100,"51-100",IF(C8<=200,"101-200",IF(C8<=500,"201-500",">500")))) -> ≤50 | S8: =IF(O8<=0,"≤0%",IF(O8<=0.01,"0-1%",IF(O8<=0.02,"1-2%",IF(O8<=0.05,"2-5%",IF(O8<=0.1,"5-10%",">10%"))))) -> 0-1% | T8: =IF(O8<0,"VERIFICAR: gap < 0",IF(O8>0.2,"ATENÇÃO: gap > 20%","")) | U8: =IF(P8="vrp_20",G8,IF(P8="vrp_50",J8,M8)) -> 3.6620553 | V8: =L8-O8 -> 0
A9: A | B9: A-n38-k5 | C9: 37 | D9: =Data!J23 -> 730 | E9: =Data!B24 -> 739.6275 | F9: =IF(E9="","",IFERROR(E9/D9-1,"")) -> 0.01318836 | G9: =Data!D24 -> 4.0925169 | H9: =Data!B25 -> 773.60059 | I9: =IF(H9="","",IFERROR(H9/D9-1,"")) -> 0.05972683 | J9: =Data!D25 -> 3.6349518 | K9: =Data!B23 -> 756.96692 | L9: =IF(K9="","",IFERROR(K9/D9-1,"")) -> 0.036940985 | M9: =Data!D23 -> 3.7448993 | N9: =MIN(E9,H9,K9) -> 739.6275 | O9: =MIN(F9,I9,L9) -> 0.01318836 | P9: =IF(N9=E9,"vrp_20",IF(N9=H9,"vrp_50","vrp_100")) -> vrp_20 | Q9: =SUM(G9,J9,M9) -> 11.472368 | R9: =IF(C9<=50,"≤50",IF(C9<=100,"51-100",IF(C9<=200,"101-200",IF(C9<=500,"201-500",">500")))) -> ≤50 | S9: =IF(O9<=0,"≤0%",IF(O9<=0.01,"0-1%",IF(O9<=0.02,"1-2%",IF(O9<=0.05,"2-5%",IF(O9<=0.1,"5-10%",">10%"))))) -> 1-2% | T9: =IF(O9<0,"VERIFICAR: gap < 0",IF(O9>0.2,"ATENÇÃO: gap > 20%","")) | U9: =IF(P9="vrp_20",G9,IF(P9="vrp_50",J9,M9)) -> 4.0925169 | V9: =L9-O9 -> 0.023752625
A10: A | B10: A-n39-k5 | C10: 38 | D10: =Data!J26 -> 822 | E10: =Data!B28 -> 839.70087 | F10: =IF(E10="","",IFERROR(E10/D10-1,"")) -> 0.021533901 | G10: =Data!D28 -> 3.0453658 | H10: =Data!B30 -> 833.41528 | I10: =IF(H10="","",IFERROR(H10/D10-1,"")) -> 0.013887206 | J10: =Data!D30 -> 0.19466853 | K10: =Data!B26 -> 854.55505 | L10: =IF(K10="","",IFERROR(K10/D10-1,"")) -> 0.039604688 | M10: =Data!D26 -> 3.7533278 | N10: =MIN(E10,H10,K10) -> 833.41528 | O10: =MIN(F10,I10,L10) -> 0.013887206 | P10: =IF(N10=E10,"vrp_20",IF(N10=H10,"vrp_50","vrp_100")) -> vrp_50 | Q10: =SUM(G10,J10,M10) -> 6.9933622 | R10: =IF(C10<=50,"≤50",IF(C10<=100,"51-100",IF(C10<=200,"101-200",IF(C10<=500,"201-500",">500")))) -> ≤50 | S10: =IF(O10<=0,"≤0%",IF(O10<=0.01,"0-1%",IF(O10<=0.02,"1-2%",IF(O10<=0.05,"2-5%",IF(O10<=0.1,"5-10%",">10%"))))) -> 1-2% | T10: =IF(O10<0,"VERIFICAR: gap < 0",IF(O10>0.2,"ATENÇÃO: gap > 20%","")) | U10: =IF(P10="vrp_20",G10,IF(P10="vrp_50",J10,M10)) -> 0.19466853 | V10: =L10-O10 -> 0.025717482
A11: A | B11: A-n39-k6 | C11: 38 | D11: =Data!J27 -> 831 | E11: =Data!B29 -> 836.5639 | F11: =IF(E11="","",IFERROR(E11/D11-1,"")) -> 0.0066954318 | G11: =Data!D29 -> 3.0453658 | H11: =Data!B31 -> 835.28296 | I11: =IF(H11="","",IFERROR(H11/D11-1,"")) -> 0.0051539819 | J11: =Data!D31 -> 0.19466853 | K11: =Data!B27 -> 878.11194 | L11: =IF(K11="","",IFERROR(K11/D11-1,"")) -> 0.056693067 | M11: =Data!D27 -> 3.7533278 | N11: =MIN(E11,H11,K11) -> 835.28296 | O11: =MIN(F11,I11,L11) -> 0.0051539819 | P11: =IF(N11=E11,"vrp_20",IF(N11=H11,"vrp_50","vrp_100")) -> vrp_50 | Q11: =SUM(G11,J11,M11) -> 6.9933622 | R11: =IF(C11<=50,"≤50",IF(C11<=100,"51-100",IF(C11<=200,"101-200",IF(C11<=500,"201-500",">500")))) -> ≤50 | S11: =IF(O11<=0,"≤0%",IF(O11<=0.01,"0-1%",IF(O11<=0.02,"1-2%",IF(O11<=0.05,"2-5%",IF(O11<=0.1,"5-10%",">10%"))))) -> 0-1% | T11: =IF(O11<0,"VERIFICAR: gap < 0",IF(O11>0.2,"ATENÇÃO: gap > 20%","")) | U11: =IF(P11="vrp_20",G11,IF(P11="vrp_50",J11,M11)) -> 0.19466853 | V11: =L11-O11 -> 0.051539085
A12: A | B12: A-n44-k6 | C12: 43 | D12: =Data!J32 -> 937 | E12: =Data!B33 -> 959.27039 | F12: =IF(E12="","",IFERROR(E12/D12-1,"")) -> 0.023767754 | G12: =Data!D33 -> 2.4535391 | H12: =Data!B34 -> 956.11902 | I12: =IF(H12="","",IFERROR(H12/D12-1,"")) -> 0.020404502 | J12: =Data!D34 -> 4.325841 | K12: =Data!B32 -> 966.24603 | L12: =IF(K12="","",IFERROR(K12/D12-1,"")) -> 0.031212415 | M12: =Data!D32 -> 3.646445 | N12: =MIN(E12,H12,K12) -> 956.11902 | O12: =MIN(F12,I12,L12) -> 0.020404502 | P12: =IF(N12=E12,"vrp_20",IF(N12=H12,"vrp_50","vrp_100")) -> vrp_50 | Q12: =SUM(G12,J12,M12) -> 10.425825 | R12: =IF(C12<=50,"≤50",IF(C12<=100,"51-100",IF(C12<=200,"101-200",IF(C12<=500,"201-500",">500")))) -> ≤50 | S12: =IF(O12<=0,"≤0%",IF(O12<=0.01,"0-1%",IF(O12<=0.02,"1-2%",IF(O12<=0.05,"2-5%",IF(O12<=0.1,"5-10%",">10%"))))) -> 2-5% | T12: =IF(O12<0,"VERIFICAR: gap < 0",IF(O12>0.2,"ATENÇÃO: gap > 20%","")) | U12: =IF(P12="vrp_20",G12,IF(P12="vrp_50",J12,M12)) -> 4.325841 | V12: =L12-O12 -> 0.010807913
A13: A | B13: A-n45-k6 | C13: 44 | D13: =Data!J35 -> 944 | E13: =Data!B37 -> 992.28864 | F13: =IF(E13="","",IFERROR(E13/D13-1,"")) -> 0.051153215 | G13: =Data!D37 -> 2.617625 | H13: =Data!B39 -> 991.6286 | I13: =IF(H13="","",IFERROR(H13/D13-1,"")) -> 0.050454027 | J13: =Data!D39 -> 4.8942862 | K13: =Data!B35 -> 994.26282 | L13: =IF(K13="","",IFERROR(K13/D13-1,"")) -> 0.05324451 | M13: =Data!D35 -> 3.7981927 | N13: =MIN(E13,H13,K13) -> 991.6286 | O13: =MIN(F13,I13,L13) -> 0.050454027 | P13: =IF(N13=E13,"vrp_20",IF(N13=H13,"vrp_50","vrp_100")) -> vrp_50 | Q13: =SUM(G13,J13,M13) -> 11.310104 | R13: =IF(C13<=50,"≤50",IF(C13<=100,"51-100",IF(C13<=200,"101-200",IF(C13<=500,"201-500",">500")))) -> ≤50 | S13: =IF(O13<=0,"≤0%",IF(O13<=0.01,"0-1%",IF(O13<=0.02,"1-2%",IF(O13<=0.05,"2-5%",IF(O13<=0.1,"5-10%",">10%"))))) -> 5-10% | T13: =IF(O13<0,"VERIFICAR: gap < 0",IF(O13>0.2,"ATENÇÃO: gap > 20%","")) | U13: =IF(P13="vrp_20",G13,IF(P13="vrp_50",J13,M13)) -> 4.8942862 | V13: =L13-O13 -> 0.0027904834
A14: A | B14: A-n45-k7 | C14: 44 | D14: =Data!J36 -> 1146 | E14: =Data!B38 -> 1179.9366 | F14: =IF(E14="","",IFERROR(E14/D14-1,"")) -> 0.029613129 | G14: =Data!D38 -> 2.617625 | H14: =Data!B40 -> 1159.5055 | I14: =IF(H14="","",IFERROR(H14/D14-1,"")) -> 0.011784898 | J14: =Data!D40 -> 4.8942862 | K14: =Data!B36 -> 1182.2603 | L14: =IF(K14="","",IFERROR(K14/D14-1,"")) -> 0.03164071 | M14: =Data!D36 -> 3.7981927 | N14: =MIN(E14,H14,K14) -> 1159.5055 | O14: =MIN(F14,I14,L14) -> 0.011784898 | P14: =IF(N14=E14,"vrp_20",IF(N14=H14,"vrp_50","vrp_100")) -> vrp_50 | Q14: =SUM(G14,J14,M14) -> 11.310104 | R14: =IF(C14<=50,"≤50",IF(C14<=100,"51-100",IF(C14<=200,"101-200",IF(C14<=500,"201-500",">500")))) -> ≤50 | S14: =IF(O14<=0,"≤0%",IF(O14<=0.01,"0-1%",IF(O14<=0.02,"1-2%",IF(O14<=0.05,"2-5%",IF(O14<=0.1,"5-10%",">10%"))))) -> 1-2% | T14: =IF(O14<0,"VERIFICAR: gap < 0",IF(O14>0.2,"ATENÇÃO: gap > 20%","")) | U14: =IF(P14="vrp_20",G14,IF(P14="vrp_50",J14,M14)) -> 4.8942862 | V14: =L14-O14 -> 0.019855812
A15: A | B15: A-n46-k7 | C15: 45 | D15: =Data!J41 -> 914 | E15: =Data!B42 -> 927.62164 | F15: =IF(E15="","",IFERROR(E15/D15-1,"")) -> 0.014903329 | G15: =Data!D42 -> 3.990844 | H15: =Data!B43 -> 924.70831 | I15: =IF(H15="","",IFERROR(H15/D15-1,"")) -> 0.011715879 | J15: =Data!D43 -> 5.347734 | K15: =Data!B41 -> 988.17242 | L15: =IF(K15="","",IFERROR(K15/D15-1,"")) -> 0.081151449 | M15: =Data!D41 -> 3.7958472 | N15: =MIN(E15,H15,K15) -> 924.70831 | O15: =MIN(F15,I15,L15) -> 0.011715879 | P15: =IF(N15=E15,"vrp_20",IF(N15=H15,"vrp_50","vrp_100")) -> vrp_50 | Q15: =SUM(G15,J15,M15) -> 13.134425 | R15: =IF(C15<=50,"≤50",IF(C15<=100,"51-100",IF(C15<=200,"101-200",IF(C15<=500,"201-500",">500")))) -> ≤50 | S15: =IF(O15<=0,"≤0%",IF(O15<=0.01,"0-1%",IF(O15<=0.02,"1-2%",IF(O15<=0.05,"2-5%",IF(O15<=0.1,"5-10%",">10%"))))) -> 1-2% | T15: =IF(O15<0,"VERIFICAR: gap < 0",IF(O15>0.2,"ATENÇÃO: gap > 20%","")) | U15: =IF(P15="vrp_20",G15,IF(P15="vrp_50",J15,M15)) -> 5.347734 | V15: =L15-O15 -> 0.06943557
A16: A | B16: A-n48-k7 | C16: 47 | D16: =Data!J44 -> 1073 | E16: =Data!B45 -> 1109.6693 | F16: =IF(E16="","",IFERROR(E16/D16-1,"")) -> 0.034174568 | G16: =Data!D45 -> 3.5602279 | H16: =Data!B46 -> 1103.5421 | I16: =IF(H16="","",IFERROR(H16/D16-1,"")) -> 0.028464226 | J16: =Data!D46 -> 3.5708776 | K16: =Data!B44 -> 1082.0381 | L16: =IF(K16="","",IFERROR(K16/D16-1,"")) -> 0.0084231929 | M16: =Data!D44 -> 3.7709935 | N16: =MIN(E16,H16,K16) -> 1082.0381 | O16: =MIN(F16,I16,L16) -> 0.0084231929 | P16: =IF(N16=E16,"vrp_20",IF(N16=H16,"vrp_50","vrp_100")) -> vrp_100 | Q16: =SUM(G16,J16,M16) -> 10.902099 | R16: =IF(C16<=50,"≤50",IF(C16<=100,"51-100",IF(C16<=200,"101-200",IF(C16<=500,"201-500",">500")))) -> ≤50 | S16: =IF(O16<=0,"≤0%",IF(O16<=0.01,"0-1%",IF(O16<=0.02,"1-2%",IF(O16<=0.05,"2-5%",IF(O16<=0.1,"5-10%",">10%"))))) -> 0-1% | T16: =IF(O16<0,"VERIFICAR: gap < 0",IF(O16>0.2,"ATENÇÃO: gap > 20%","")) | U16: =IF(P16="vrp_20",G16,IF(P16="vrp_50",J16,M16)) -> 3.7709935 | V16: =L16-O16 -> 0
A17: A | B17: A-n53-k7 | C17: 52 | D17: =Data!J47 -> 1010 | E17: =Data!B48 -> 1023.7313 | F17: =IF(E17="","",IFERROR(E17/D17-1,"")) -> 0.013595309 | G17: =Data!D48 -> 3.8916929 | H17: =Data!B49 -> 1091.8982 | I17: =IF(H17="","",IFERROR(H17/D17-1,"")) -> 0.08108732 | J17: =Data!D49 -> 3.5289092 | K17: =Data!B47 -> 1076.1646 | L17: =IF(K17="","",IFERROR(K17/D17-1,"")) -> 0.065509456 | M17: =Data!D47 -> 3.9444933 | N17: =MIN(E17,H17,K17) -> 1023.7313 | O17: =MIN(F17,I17,L17) -> 0.013595309 | P17: =IF(N17=E17,"vrp_20",IF(N17=H17,"vrp_50","vrp_100")) -> vrp_20 | Q17: =SUM(G17,J17,M17) -> 11.365095 | R17: =IF(C17<=50,"≤50",IF(C17<=100,"51-100",IF(C17<=200,"101-200",IF(C17<=500,"201-500",">500")))) -> 51-100 | S17: =IF(O17<=0,"≤0%",IF(O17<=0.01,"0-1%",IF(O17<=0.02,"1-2%",IF(O17<=0.05,"2-5%",IF(O17<=0.1,"5-10%",">10%"))))) -> 1-2% | T17: =IF(O17<0,"VERIFICAR: gap < 0",IF(O17>0.2,"ATENÇÃO: gap > 20%","")) | U17: =IF(P17="vrp_20",G17,IF(P17="vrp_50",J17,M17)) -> 3.8916929 | V17: =L17-O17 -> 0.051914147
A18: A | B18: A-n54-k7 | C18: 53 | D18: =Data!J50 -> 1167 | E18: =Data!B51 -> 1219.5427 | F18: =IF(E18="","",IFERROR(E18/D18-1,"")) -> 0.045023757 | G18: =Data!D51 -> 3.784946 | H18: =Data!B52 -> 1173.3167 | I18: =IF(H18="","",IFERROR(H18/D18-1,"")) -> 0.0054127253 | J18: =Data!D52 -> 3.5621855 | K18: =Data!B50 -> 1191.337 | L18: =IF(K18="","",IFERROR(K18/D18-1,"")) -> 0.020854358 | M18: =Data!D50 -> 3.8616569 | N18: =MIN(E18,H18,K18) -> 1173.3167 | O18: =MIN(F18,I18,L18) -> 0.0054127253 | P18: =IF(N18=E18,"vrp_20",IF(N18=H18,"vrp_50","vrp_100")) -> vrp_50 | Q18: =SUM(G18,J18,M18) -> 11.208788 | R18: =IF(C18<=50,"≤50",IF(C18<=100,"51-100",IF(C18<=200,"101-200",IF(C18<=500,"201-500",">500")))) -> 51-100 | S18: =IF(O18<=0,"≤0%",IF(O18<=0.01,"0-1%",IF(O18<=0.02,"1-2%",IF(O18<=0.05,"2-5%",IF(O18<=0.1,"5-10%",">10%"))))) -> 0-1% | T18: =IF(O18<0,"VERIFICAR: gap < 0",IF(O18>0.2,"ATENÇÃO: gap > 20%","")) | U18: =IF(P18="vrp_20",G18,IF(P18="vrp_50",J18,M18)) -> 3.5621855 | V18: =L18-O18 -> 0.015441633
A19: A | B19: A-n55-k9 | C19: 54 | D19: =Data!J53 -> 1073 | E19: =Data!B54 -> 1146.5979 | F19: =IF(E19="","",IFERROR(E19/D19-1,"")) -> 0.068590774 | G19: =Data!D54 -> 4.8907831 | H19: =Data!B55 -> 1092.6515 | I19: =IF(H19="","",IFERROR(H19/D19-1,"")) -> 0.018314529 | J19: =Data!D55 -> 3.5954039 | K19: =Data!B53 -> 1145.2159 | L19: =IF(K19="","",IFERROR(K19/D19-1,"")) -> 0.067302835 | M19: =Data!D53 -> 3.9414515 | N19: =MIN(E19,H19,K19) -> 1092.6515 | O19: =MIN(F19,I19,L19) -> 0.018314529 | P19: =IF(N19=E19,"vrp_20",IF(N19=H19,"vrp_50","vrp_100")) -> vrp_50 | Q19: =SUM(G19,J19,M19) -> 12.427639 | R19: =IF(C19<=50,"≤50",IF(C19<=100,"51-100",IF(C19<=200,"101-200",IF(C19<=500,"201-500",">500")))) -> 51-100 | S19: =IF(O19<=0,"≤0%",IF(O19<=0.01,"0-1%",IF(O19<=0.02,"1-2%",IF(O19<=0.05,"2-5%",IF(O19<=0.1,"5-10%",">10%"))))) -> 1-2% | T19: =IF(O19<0,"VERIFICAR: gap < 0",IF(O19>0.2,"ATENÇÃO: gap > 20%","")) | U19: =IF(P19="vrp_20",G19,IF(P19="vrp_50",J19,M19)) -> 3.5954039 | V19: =L19-O19 -> 0.048988307
A20: A | B20: A-n60-k9 | C20: 59 | D20: =Data!J56 -> 1354 | E20: =Data!B57 -> 1410.3086 | F20: =IF(E20="","",IFERROR(E20/D20-1,"")) -> 0.041586849 | G20: =Data!D57 -> 3.8256223 | H20: =Data!B58 -> 1385.636 | I20: =IF(H20="","",IFERROR(H20/D20-1,"")) -> 0.023364835 | J20: =Data!D58 -> 3.4479377 | K20: =Data!B56 -> 1379.5469 | L20: =IF(K20="","",IFERROR(K20/D20-1,"")) -> 0.018867707 | M20: =Data!D56 -> 3.9028752 | N20: =MIN(E20,H20,K20) -> 1379.5469 | O20: =MIN(F20,I20,L20) -> 0.018867707 | P20: =IF(N20=E20,"vrp_20",IF(N20=H20,"vrp_50","vrp_100")) -> vrp_100 | Q20: =SUM(G20,J20,M20) -> 11.176435 | R20: =IF(C20<=50,"≤50",IF(C20<=100,"51-100",IF(C20<=200,"101-200",IF(C20<=500,"201-500",">500")))) -> 51-100 | S20: =IF(O20<=0,"≤0%",IF(O20<=0.01,"0-1%",IF(O20<=0.02,"1-2%",IF(O20<=0.05,"2-5%",IF(O20<=0.1,"5-10%",">10%"))))) -> 1-2% | T20: =IF(O20<0,"VERIFICAR: gap < 0",IF(O20>0.2,"ATENÇÃO: gap > 20%","")) | U20: =IF(P20="vrp_20",G20,IF(P20="vrp_50",J20,M20)) -> 3.9028752 | V20: =L20-O20 -> 0
A21: A | B21: A-n61-k9 | C21: 60 | D21: =Data!J59 -> 1034 | E21: =Data!B60 -> 1073.7109 | F21: =IF(E21="","",IFERROR(E21/D21-1,"")) -> 0.038405162 | G21: =Data!D60 -> 3.8462729 | H21: =Data!B61 -> 1074.1986 | I21: =IF(H21="","",IFERROR(H21/D21-1,"")) -> 0.038876797 | J21: =Data!D61 -> 4.1932976 | K21: =Data!B59 -> 1088.1638 | L21: =IF(K21="","",IFERROR(K21/D21-1,"")) -> 0.052382803 | M21: =Data!D59 -> 3.369669 | N21: =MIN(E21,H21,K21) -> 1073.7109 | O21: =MIN(F21,I21,L21) -> 0.038405162 | P21: =IF(N21=E21,"vrp_20",IF(N21=H21,"vrp_50","vrp_100")) -> vrp_20 | Q21: =SUM(G21,J21,M21) -> 11.40924 | R21: =IF(C21<=50,"≤50",IF(C21<=100,"51-100",IF(C21<=200,"101-200",IF(C21<=500,"201-500",">500")))) -> 51-100 | S21: =IF(O21<=0,"≤0%",IF(O21<=0.01,"0-1%",IF(O21<=0.02,"1-2%",IF(O21<=0.05,"2-5%",IF(O21<=0.1,"5-10%",">10%"))))) -> 2-5% | T21: =IF(O21<0,"VERIFICAR: gap < 0",IF(O21>0.2,"ATENÇÃO: gap > 20%","")) | U21: =IF(P21="vrp_20",G21,IF(P21="vrp_50",J21,M21)) -> 3.8462729 | V21: =L21-O21 -> 0.013977641
A22: A | B22: A-n62-k8 | C22: 61 | D22: =Data!J62 -> 1288 | E22: =Data!B63 -> 1364.3846 | F22: =IF(E22="","",IFERROR(E22/D22-1,"")) -> 0.059304847 | G22: =Data!D63 -> 4.0444791 | H22: =Data!B64 -> 1328.6812 | I22: =IF(H22="","",IFERROR(H22/D22-1,"")) -> 0.031584746 | J22: =Data!D64 -> 3.1809607 | K22: =Data!B62 -> 1337.7933 | L22: =IF(K22="","",IFERROR(K22/D22-1,"")) -> 0.038659422 | M22: =Data!D62 -> 3.1158252 | N22: =MIN(E22,H22,K22) -> 1328.6812 | O22: =MIN(F22,I22,L22) -> 0.031584746 | P22: =IF(N22=E22,"vrp_20",IF(N22=H22,"vrp_50","vrp_100")) -> vrp_50 | Q22: =SUM(G22,J22,M22) -> 10.341265 | R22: =IF(C22<=50,"≤50",IF(C22<=100,"51-100",IF(C22<=200,"101-200",IF(C22<=500,"201-500",">500")))) -> 51-100 | S22: =IF(O22<=0,"≤0%",IF(O22<=0.01,"0-1%",IF(O22<=0.02,"1-2%",IF(O22<=0.05,"2-5%",IF(O22<=0.1,"5-10%",">10%"))))) -> 2-5% | T22: =IF(O22<0,"VERIFICAR: gap < 0",IF(O22>0.2,"ATENÇÃO: gap > 20%","")) | U22: =IF(P22="vrp_20",G22,IF(P22="vrp_50",J22,M22)) -> 3.1809607 | V22: =L22-O22 -> 0.0070746759
A23: A | B23: A-n63-k10 | C23: 62 | D23: =Data!J66 -> 1314 | E23: =Data!B68 -> 1354.1973 | F23: =IF(E23="","",IFERROR(E23/D23-1,"")) -> 0.030591526 | G23: =Data!D68 -> 6.9907918 | H23: =Data!B70 -> 1358.572 | I23: =IF(H23="","",IFERROR(H23/D23-1,"")) -> 0.033920869 | J23: =Data!D70 -> 6.727206 | K23: =Data!B66 -> 1343.3353 | L23: =IF(K23="","",IFERROR(K23/D23-1,"")) -> 0.022325211 | M23: =Data!D66 -> 5.4418101 | N23: =MIN(E23,H23,K23) -> 1343.3353 | O23: =MIN(F23,I23,L23) -> 0.022325211 | P23: =IF(N23=E23,"vrp_20",IF(N23=H23,"vrp_50","vrp_100")) -> vrp_100 | Q23: =SUM(G23,J23,M23) -> 19.159808 | R23: =IF(C23<=50,"≤50",IF(C23<=100,"51-100",IF(C23<=200,"101-200",IF(C23<=500,"201-500",">500")))) -> 51-100 | S23: =IF(O23<=0,"≤0%",IF(O23<=0.01,"0-1%",IF(O23<=0.02,"1-2%",IF(O23<=0.05,"2-5%",IF(O23<=0.1,"5-10%",">10%"))))) -> 2-5% | T23: =IF(O23<0,"VERIFICAR: gap < 0",IF(O23>0.2,"ATENÇÃO: gap > 20%","")) | U23: =IF(P23="vrp_20",G23,IF(P23="vrp_50",J23,M23)) -> 5.4418101 | V23: =L23-O23 -> 0
A24: A | B24: A-n63-k9 | C24: 62 | D24: =Data!J65 -> 1616 | E24: =Data!B67 -> 1666.6997 | F24: =IF(E24="","",IFERROR(E24/D24-1,"")) -> 0.031373581 | G24: =Data!D67 -> 6.9907918 | H24: =Data!B69 -> 1677.6056 | I24: =IF(H24="","",IFERROR(H24/D24-1,"")) -> 0.038122272 | J24: =Data!D69 -> 6.727206 | K24: =Data!B65 -> 1640.2545 | L24: =IF(K24="","",IFERROR(K24/D24-1,"")) -> 0.015008983 | M24: =Data!D65 -> 5.4418101 | N24: =MIN(E24,H24,K24) -> 1640.2545 | O24: =MIN(F24,I24,L24) -> 0.015008983 | P24: =IF(N24=E24,"vrp_20",IF(N24=H24,"vrp_50","vrp_100")) -> vrp_100 | Q24: =SUM(G24,J24,M24) -> 19.159808 | R24: =IF(C24<=50,"≤50",IF(C24<=100,"51-100",IF(C24<=200,"101-200",IF(C24<=500,"201-500",">500")))) -> 51-100 | S24: =IF(O24<=0,"≤0%",IF(O24<=0.01,"0-1%",IF(O24<=0.02,"1-2%",IF(O24<=0.05,"2-5%",IF(O24<=0.1,"5-10%",">10%"))))) -> 1-2% | T24: =IF(O24<0,"VERIFICAR: gap < 0",IF(O24>0.2,"ATENÇÃO: gap > 20%","")) | U24: =IF(P24="vrp_20",G24,IF(P24="vrp_50",J24,M24)) -> 5.4418101 | V24: =L24-O24 -> 0
A25: A | B25: A-n64-k9 | C25: 63 | D25: =Data!J71 -> 1401 | E25: =Data!B72 -> 1475 | F25: =IF(E25="","",IFERROR(E25/D25-1,"")) -> 0.052819415 | G25: =Data!D72 -> 3.8166864 | H25: =Data!B73 -> 1445.0066 | I25: =IF(H25="","",IFERROR(H25/D25-1,"")) -> 0.031410844 | J25: =Data!D73 -> 3.7508986 | K25: =Data!B71 -> 1434.9302 | L25: =IF(K25="","",IFERROR(K25/D25-1,"")) -> 0.024218541 | M25: =Data!D71 -> 3.3372197 | N25: =MIN(E25,H25,K25) -> 1434.9302 | O25: =MIN(F25,I25,L25) -> 0.024218541 | P25: =IF(N25=E25,"vrp_20",IF(N25=H25,"vrp_50","vrp_100")) -> vrp_100 | Q25: =SUM(G25,J25,M25) -> 10.904805 | R25: =IF(C25<=50,"≤50",IF(C25<=100,"51-100",IF(C25<=200,"101-200",IF(C25<=500,"201-500",">500")))) -> 51-100 | S25: =IF(O25<=0,"≤0%",IF(O25<=0.01,"0-1%",IF(O25<=0.02,"1-2%",IF(O25<=0.05,"2-5%",IF(O25<=0.1,"5-10%",">10%"))))) -> 2-5% | T25: =IF(O25<0,"VERIFICAR: gap < 0",IF(O25>0.2,"ATENÇÃO: gap > 20%","")) | U25: =IF(P25="vrp_20",G25,IF(P25="vrp_50",J25,M25)) -> 3.3372197 | V25: =L25-O25 -> 0
A26: A | B26: A-n65-k9 | C26: 64 | D26: =Data!J74 -> 1174 | E26: =Data!B75 -> 1236.2219 | F26: =IF(E26="","",IFERROR(E26/D26-1,"")) -> 0.052999935 | G26: =Data!D75 -> 3.962266 | H26: =Data!B76 -> 1230.293 | I26: =IF(H26="","",IFERROR(H26/D26-1,"")) -> 0.047949718 | J26: =Data!D76 -> 3.5521543 | K26: =Data!B74 -> 1227.8723 | L26: =IF(K26="","",IFERROR(K26/D26-1,"")) -> 0.045887832 | M26: =Data!D74 -> 3.3213315 | N26: =MIN(E26,H26,K26) -> 1227.8723 | O26: =MIN(F26,I26,L26) -> 0.045887832 | P26: =IF(N26=E26,"vrp_20",IF(N26=H26,"vrp_50","vrp_100")) -> vrp_100 | Q26: =SUM(G26,J26,M26) -> 10.835752 | R26: =IF(C26<=50,"≤50",IF(C26<=100,"51-100",IF(C26<=200,"101-200",IF(C26<=500,"201-500",">500")))) -> 51-100 | S26: =IF(O26<=0,"≤0%",IF(O26<=0.01,"0-1%",IF(O26<=0.02,"1-2%",IF(O26<=0.05,"2-5%",IF(O26<=0.1,"5-10%",">10%"))))) -> 2-5% | T26: =IF(O26<0,"VERIFICAR: gap < 0",IF(O26>0.2,"ATENÇÃO: gap > 20%","")) | U26: =IF(P26="vrp_20",G26,IF(P26="vrp_50",J26,M26)) -> 3.3213315 | V26: =L26-O26 -> 0
A27: A | B27: A-n69-k9 | C27: 68 | D27: =Data!J77 -> 1159 | E27: =Data!B78 -> 1212.9288 | F27: =IF(E27="","",IFERROR(E27/D27-1,"")) -> 0.046530486 | G27: =Data!D78 -> 5.130872 | H27: =Data!B79 -> 1185.1707 | I27: =IF(H27="","",IFERROR(H27/D27-1,"")) -> 0.022580375 | J27: =Data!D79 -> 4.4177952 | K27: =Data!B77 -> 1194.2821 | L27: =IF(K27="","",IFERROR(K27/D27-1,"")) -> 0.03044185 | M27: =Data!D77 -> 4.2214804 | N27: =MIN(E27,H27,K27) -> 1185.1707 | O27: =MIN(F27,I27,L27) -> 0.022580375 | P27: =IF(N27=E27,"vrp_20",IF(N27=H27,"vrp_50","vrp_100")) -> vrp_50 | Q27: =SUM(G27,J27,M27) -> 13.770148 | R27: =IF(C27<=50,"≤50",IF(C27<=100,"51-100",IF(C27<=200,"101-200",IF(C27<=500,"201-500",">500")))) -> 51-100 | S27: =IF(O27<=0,"≤0%",IF(O27<=0.01,"0-1%",IF(O27<=0.02,"1-2%",IF(O27<=0.05,"2-5%",IF(O27<=0.1,"5-10%",">10%"))))) -> 2-5% | T27: =IF(O27<0,"VERIFICAR: gap < 0",IF(O27>0.2,"ATENÇÃO: gap > 20%","")) | U27: =IF(P27="vrp_20",G27,IF(P27="vrp_50",J27,M27)) -> 4.4177952 | V27: =L27-O27 -> 0.0078614756
A28: A | B28: A-n80-k10 | C28: 79 | D28: =Data!J80 -> 1763 | E28: =Data!B81 -> 1869.995 | F28: =IF(E28="","",IFERROR(E28/D28-1,"")) -> 0.060689163 | G28: =Data!D81 -> 3.908067 | H28: =Data!B82 -> 1834.6694 | I28: =IF(H28="","",IFERROR(H28/D28-1,"")) -> 0.040651976 | J28: =Data!D82 -> 2.5883651 | K28: =Data!B80 -> 1815.9269 | L28: =IF(K28="","",IFERROR(K28/D28-1,"")) -> 0.030020919 | M28: =Data!D80 -> 3.2986467 | N28: =MIN(E28,H28,K28) -> 1815.9269 | O28: =MIN(F28,I28,L28) -> 0.030020919 | P28: =IF(N28=E28,"vrp_20",IF(N28=H28,"vrp_50","vrp_100")) -> vrp_100 | Q28: =SUM(G28,J28,M28) -> 9.7950788 | R28: =IF(C28<=50,"≤50",IF(C28<=100,"51-100",IF(C28<=200,"101-200",IF(C28<=500,"201-500",">500")))) -> 51-100 | S28: =IF(O28<=0,"≤0%",IF(O28<=0.01,"0-1%",IF(O28<=0.02,"1-2%",IF(O28<=0.05,"2-5%",IF(O28<=0.1,"5-10%",">10%"))))) -> 2-5% | T28: =IF(O28<0,"VERIFICAR: gap < 0",IF(O28>0.2,"ATENÇÃO: gap > 20%","")) | U28: =IF(P28="vrp_20",G28,IF(P28="vrp_50",J28,M28)) -> 3.2986467 | V28: =L28-O28 -> 0
A29: B | B29: B-n31-k5 | C29: 30 | D29: =Data!J83 -> 672 | E29: =Data!B84 -> 697.27563 | F29: =IF(E29="","",IFERROR(E29/D29-1,"")) -> 0.037612552 | G29: =Data!D84 -> 2.8668182 | H29: =Data!B85 -> 701.41492 | I29: =IF(H29="","",IFERROR(H29/D29-1,"")) -> 0.043772198 | J29: =Data!D85 -> 3.1799638 | K29: =Data!B83 -> 705.36749 | L29: =IF(K29="","",IFERROR(K29/D29-1,"")) -> 0.049654007 | M29: =Data!D83 -> 3.9129024 | N29: =MIN(E29,H29,K29) -> 697.27563 | O29: =MIN(F29,I29,L29) -> 0.037612552 | P29: =IF(N29=E29,"vrp_20",IF(N29=H29,"vrp_50","vrp_100")) -> vrp_20 | Q29: =SUM(G29,J29,M29) -> 9.9596844 | R29: =IF(C29<=50,"≤50",IF(C29<=100,"51-100",IF(C29<=200,"101-200",IF(C29<=500,"201-500",">500")))) -> ≤50 | S29: =IF(O29<=0,"≤0%",IF(O29<=0.01,"0-1%",IF(O29<=0.02,"1-2%",IF(O29<=0.05,"2-5%",IF(O29<=0.1,"5-10%",">10%"))))) -> 2-5% | T29: =IF(O29<0,"VERIFICAR: gap < 0",IF(O29>0.2,"ATENÇÃO: gap > 20%","")) | U29: =IF(P29="vrp_20",G29,IF(P29="vrp_50",J29,M29)) -> 2.8668182 | V29: =L29-O29 -> 0.012041455
A30: B | B30: B-n34-k5 | C30: 33 | D30: =Data!J86 -> 788 | E30: =Data!B87 -> 795.04431 | F30: =IF(E30="","",IFERROR(E30/D30-1,"")) -> 0.0089394816 | G30: =Data!D87 -> 2.7891562 | H30: =Data!B88 -> 794.89258 | I30: =IF(H30="","",IFERROR(H30/D30-1,"")) -> 0.0087469266 | J30: =Data!D88 -> 3.068002 | K30: =Data!B86 -> 800.85382 | L30: =IF(K30="","",IFERROR(K30/D30-1,"")) -> 0.016311955 | M30: =Data!D86 -> 3.8479691 | N30: =MIN(E30,H30,K30) -> 794.89258 | O30: =MIN(F30,I30,L30) -> 0.0087469266 | P30: =IF(N30=E30,"vrp_20",IF(N30=H30,"vrp_50","vrp_100")) -> vrp_50 | Q30: =SUM(G30,J30,M30) -> 9.7051272 | R30: =IF(C30<=50,"≤50",IF(C30<=100,"51-100",IF(C30<=200,"101-200",IF(C30<=500,"201-500",">500")))) -> ≤50 | S30: =IF(O30<=0,"≤0%",IF(O30<=0.01,"0-1%",IF(O30<=0.02,"1-2%",IF(O30<=0.05,"2-5%",IF(O30<=0.1,"5-10%",">10%"))))) -> 0-1% | T30: =IF(O30<0,"VERIFICAR: gap < 0",IF(O30>0.2,"ATENÇÃO: gap > 20%","")) | U30: =IF(P30="vrp_20",G30,IF(P30="vrp_50",J30,M30)) -> 3.068002 | V30: =L30-O30 -> 0.0075650288
A31: B | B31: B-n35-k5 | C31: 34 | D31: =Data!J89 -> 955 | E31: =Data!B90 -> 971.17859 | F31: =IF(E31="","",IFERROR(E31/D31-1,"")) -> 0.016940931 | G31: =Data!D90 -> 2.503195 | H31: =Data!B91 -> 995.89642 | I31: =IF(H31="","",IFERROR(H31/D31-1,"")) -> 0.04282348 | J31: =Data!D91 -> 3.5872989 | K31: =Data!B89 -> 1002.6036 | L31: =IF(K31="","",IFERROR(K31/D31-1,"")) -> 0.049846741 | M31: =Data!D89 -> 3.7359078 | N31: =MIN(E31,H31,K31) -> 971.17859 | O31: =MIN(F31,I31,L31) -> 0.016940931 | P31: =IF(N31=E31,"vrp_20",IF(N31=H31,"vrp_50","vrp_100")) -> vrp_20 | Q31: =SUM(G31,J31,M31) -> 9.8264017 | R31: =IF(C31<=50,"≤50",IF(C31<=100,"51-100",IF(C31<=200,"101-200",IF(C31<=500,"201-500",">500")))) -> ≤50 | S31: =IF(O31<=0,"≤0%",IF(O31<=0.01,"0-1%",IF(O31<=0.02,"1-2%",IF(O31<=0.05,"2-5%",IF(O31<=0.1,"5-10%",">10%"))))) -> 1-2% | T31: =IF(O31<0,"VERIFICAR: gap < 0",IF(O31>0.2,"ATENÇÃO: gap > 20%","")) | U31: =IF(P31="vrp_20",G31,IF(P31="vrp_50",J31,M31)) -> 2.503195 | V31: =L31-O31 -> 0.03290581
A32: B | B32: B-n38-k6 | C32: 37 | D32: =Data!J92 -> 805 | E32: =Data!B93 -> 819.34229 | F32: =IF(E32="","",IFERROR(E32/D32-1,"")) -> 0.017816503 | G32: =Data!D93 -> 2.6201272 | H32: =Data!B94 -> 820.84845 | I32: =IF(H32="","",IFERROR(H32/D32-1,"")) -> 0.019687515 | J32: =Data!D94 -> 3.6134982 | K32: =Data!B92 -> 818.05219 | L32: =IF(K32="","",IFERROR(K32/D32-1,"")) -> 0.016213894 | M32: =Data!D92 -> 3.65624 | N32: =MIN(E32,H32,K32) -> 818.05219 | O32: =MIN(F32,I32,L32) -> 0.016213894 | P32: =IF(N32=E32,"vrp_20",IF(N32=H32,"vrp_50","vrp_100")) -> vrp_100 | Q32: =SUM(G32,J32,M32) -> 9.8898654 | R32: =IF(C32<=50,"≤50",IF(C32<=100,"51-100",IF(C32<=200,"101-200",IF(C32<=500,"201-500",">500")))) -> ≤50 | S32: =IF(O32<=0,"≤0%",IF(O32<=0.01,"0-1%",IF(O32<=0.02,"1-2%",IF(O32<=0.05,"2-5%",IF(O32<=0.1,"5-10%",">10%"))))) -> 1-2% | T32: =IF(O32<0,"VERIFICAR: gap < 0",IF(O32>0.2,"ATENÇÃO: gap > 20%","")) | U32: =IF(P32="vrp_20",G32,IF(P32="vrp_50",J32,M32)) -> 3.65624 | V32: =L32-O32 -> 0
A33: B | B33: B-n39-k5 | C33: 38 | D33: =Data!J95 -> 549 | E33: =Data!B96 -> 571.85718 | F33: =IF(E33="","",IFERROR(E33/D33-1,"")) -> 0.041634204 | G33: =Data!D96 -> 3.023344 | H33: =Data!B97 -> 564.70636 | I33: =IF(H33="","",IFERROR(H33/D33-1,"")) -> 0.028609034 | J33: =Data!D97 -> 3.752522 | K33: =Data!B95 -> 602.88544 | L33: =IF(K33="","",IFERROR(K33/D33-1,"")) -> 0.09815198 | M33: =Data!D95 -> 3.5080392 | N33: =MIN(E33,H33,K33) -> 564.70636 | O33: =MIN(F33,I33,L33) -> 0.028609034 | P33: =IF(N33=E33,"vrp_20",IF(N33=H33,"vrp_50","vrp_100")) -> vrp_50 | Q33: =SUM(G33,J33,M33) -> 10.283905 | R33: =IF(C33<=50,"≤50",IF(C33<=100,"51-100",IF(C33<=200,"101-200",IF(C33<=500,"201-500",">500")))) -> ≤50 | S33: =IF(O33<=0,"≤0%",IF(O33<=0.01,"0-1%",IF(O33<=0.02,"1-2%",IF(O33<=0.05,"2-5%",IF(O33<=0.1,"5-10%",">10%"))))) -> 2-5% | T33: =IF(O33<0,"VERIFICAR: gap < 0",IF(O33>0.2,"ATENÇÃO: gap > 20%","")) | U33: =IF(P33="vrp_20",G33,IF(P33="vrp_50",J33,M33)) -> 3.752522 | V33: =L33-O33 -> 0.069542946
A34: B | B34: B-n41-k6 | C34: 40 | D34: =Data!J98 -> 829 | E34: =Data!B99 -> 848.23596 | F34: =IF(E34="","",IFERROR(E34/D34-1,"")) -> 0.023203814 | G34: =Data!D99 -> 2.9098594 | H34: =Data!B100 -> 857.04431 | I34: =IF(H34="","",IFERROR(H34/D34-1,"")) -> 0.033829085 | J34: =Data!D100 -> 3.8631899 | K34: =Data!B98 -> 861.25934 | L34: =IF(K34="","",IFERROR(K34/D34-1,"")) -> 0.038913557 | M34: =Data!D98 -> 3.8638322 | N34: =MIN(E34,H34,K34) -> 848.23596 | O34: =MIN(F34,I34,L34) -> 0.023203814 | P34: =IF(N34=E34,"vrp_20",IF(N34=H34,"vrp_50","vrp_100")) -> vrp_20 | Q34: =SUM(G34,J34,M34) -> 10.636882 | R34: =IF(C34<=50,"≤50",IF(C34<=100,"51-100",IF(C34<=200,"101-200",IF(C34<=500,"201-500",">500")))) -> ≤50 | S34: =IF(O34<=0,"≤0%",IF(O34<=0.01,"0-1%",IF(O34<=0.02,"1-2%",IF(O34<=0.05,"2-5%",IF(O34<=0.1,"5-10%",">10%"))))) -> 2-5% | T34: =IF(O34<0,"VERIFICAR: gap < 0",IF(O34>0.2,"ATENÇÃO: gap > 20%","")) | U34: =IF(P34="vrp_20",G34,IF(P34="vrp_50",J34,M34)) -> 2.9098594 | V34: =L34-O34 -> 0.015709742
A35: B | B35: B-n43-k6 | C35: 42 | D35: =Data!J101 -> 742 | E35: =Data!B102 -> 748.99084 | F35: =IF(E35="","",IFERROR(E35/D35-1,"")) -> 0.0094216236 | G35: =Data!D102 -> 3.4186072 | H35: =Data!B103 -> 749.64813 | I35: =IF(H35="","",IFERROR(H35/D35-1,"")) -> 0.010307456 | J35: =Data!D103 -> 3.711844 | K35: =Data!B101 -> 751.50098 | L35: =IF(K35="","",IFERROR(K35/D35-1,"")) -> 0.012804551 | M35: =Data!D101 -> 5.9448745 | N35: =MIN(E35,H35,K35) -> 748.99084 | O35: =MIN(F35,I35,L35) -> 0.0094216236 | P35: =IF(N35=E35,"vrp_20",IF(N35=H35,"vrp_50","vrp_100")) -> vrp_20 | Q35: =SUM(G35,J35,M35) -> 13.075326 | R35: =IF(C35<=50,"≤50",IF(C35<=100,"51-100",IF(C35<=200,"101-200",IF(C35<=500,"201-500",">500")))) -> ≤50 | S35: =IF(O35<=0,"≤0%",IF(O35<=0.01,"0-1%",IF(O35<=0.02,"1-2%",IF(O35<=0.05,"2-5%",IF(O35<=0.1,"5-10%",">10%"))))) -> 0-1% | T35: =IF(O35<0,"VERIFICAR: gap < 0",IF(O35>0.2,"ATENÇÃO: gap > 20%","")) | U35: =IF(P35="vrp_20",G35,IF(P35="vrp_50",J35,M35)) -> 3.4186072 | V35: =L35-O35 -> 0.003382927
A36: B | B36: B-n44-k7 | C36: 43 | D36: =Data!J104 -> 909 | E36: =Data!B105 -> 933.74188 | F36: =IF(E36="","",IFERROR(E36/D36-1,"")) -> 0.027218792 | G36: =Data!D105 -> 3.6912742 | H36: =Data!B106 -> 934.84668 | I36: =IF(H36="","",IFERROR(H36/D36-1,"")) -> 0.028434191 | J36: =Data!D106 -> 3.8044169 | K36: =Data!B104 -> 952.89185 | L36: =IF(K36="","",IFERROR(K36/D36-1,"")) -> 0.048285859 | M36: =Data!D104 -> 3.5976326 | N36: =MIN(E36,H36,K36) -> 933.74188 | O36: =MIN(F36,I36,L36) -> 0.027218792 | P36: =IF(N36=E36,"vrp_20",IF(N36=H36,"vrp_50","vrp_100")) -> vrp_20 | Q36: =SUM(G36,J36,M36) -> 11.093324 | R36: =IF(C36<=50,"≤50",IF(C36<=100,"51-100",IF(C36<=200,"101-200",IF(C36<=500,"201-500",">500")))) -> ≤50 | S36: =IF(O36<=0,"≤0%",IF(O36<=0.01,"0-1%",IF(O36<=0.02,"1-2%",IF(O36<=0.05,"2-5%",IF(O36<=0.1,"5-10%",">10%"))))) -> 2-5% | T36: =IF(O36<0,"VERIFICAR: gap < 0",IF(O36>0.2,"ATENÇÃO: gap > 20%","")) | U36: =IF(P36="vrp_20",G36,IF(P36="vrp_50",J36,M36)) -> 3.6912742 | V36: =L36-O36 -> 0.021067066
A37: B | B37: B-n45-k5 | C37: 44 | D37: =Data!J107 -> 751 | E37: =Data!B109 -> 765.96649 | F37: =IF(E37="","",IFERROR(E37/D37-1,"")) -> 0.019928751 | G37: =Data!D109 -> 3.9215872 | H37: =Data!B111 -> 775.99225 | I37: =IF(H37="","",IFERROR(H37/D37-1,"")) -> 0.033278627 | J37: =Data!D111 -> 3.777879 | K37: =Data!B107 -> 767.58392 | L37: =IF(K37="","",IFERROR(K37/D37-1,"")) -> 0.022082455 | M37: =Data!D107 -> 3.5613008 | N37: =MIN(E37,H37,K37) -> 765.96649 | O37: =MIN(F37,I37,L37) -> 0.019928751 | P37: =IF(N37=E37,"vrp_20",IF(N37=H37,"vrp_50","vrp_100")) -> vrp_20 | Q37: =SUM(G37,J37,M37) -> 11.260767 | R37: =IF(C37<=50,"≤50",IF(C37<=100,"51-100",IF(C37<=200,"101-200",IF(C37<=500,"201-500",">500")))) -> ≤50 | S37: =IF(O37<=0,"≤0%",IF(O37<=0.01,"0-1%",IF(O37<=0.02,"1-2%",IF(O37<=0.05,"2-5%",IF(O37<=0.1,"5-10%",">10%"))))) -> 1-2% | T37: =IF(O37<0,"VERIFICAR: gap < 0",IF(O37>0.2,"ATENÇÃO: gap > 20%","")) | U37: =IF(P37="vrp_20",G37,IF(P37="vrp_50",J37,M37)) -> 3.9215872 | V37: =L37-O37 -> 0.0021537039
A38: B | B38: B-n45-k6 | C38: 44 | D38: =Data!J108 -> 678 | E38: =Data!B110 -> 731.46735 | F38: =IF(E38="","",IFERROR(E38/D38-1,"")) -> 0.078860393 | G38: =Data!D110 -> 3.9215872 | H38: =Data!B112 -> 724.0603 | I38: =IF(H38="","",IFERROR(H38/D38-1,"")) -> 0.06793555 | J38: =Data!D112 -> 3.777879 | K38: =Data!B108 -> 721.74866 | L38: =IF(K38="","",IFERROR(K38/D38-1,"")) -> 0.064526043 | M38: =Data!D108 -> 3.5613008 | N38: =MIN(E38,H38,K38) -> 721.74866 | O38: =MIN(F38,I38,L38) -> 0.064526043 | P38: =IF(N38=E38,"vrp_20",IF(N38=H38,"vrp_50","vrp_100")) -> vrp_100 | Q38: =SUM(G38,J38,M38) -> 11.260767 | R38: =IF(C38<=50,"≤50",IF(C38<=100,"51-100",IF(C38<=200,"101-200",IF(C38<=500,"201-500",">500")))) -> ≤50 | S38: =IF(O38<=0,"≤0%",IF(O38<=0.01,"0-1%",IF(O38<=0.02,"1-2%",IF(O38<=0.05,"2-5%",IF(O38<=0.1,"5-10%",">10%"))))) -> 5-10% | T38: =IF(O38<0,"VERIFICAR: gap < 0",IF(O38>0.2,"ATENÇÃO: gap > 20%","")) | U38: =IF(P38="vrp_20",G38,IF(P38="vrp_50",J38,M38)) -> 3.5613008 | V38: =L38-O38 -> 0
A39: B | B39: B-n50-k7 | C39: 49 | D39: =Data!J113 -> 741 | E39: =Data!B115 -> 766.9859 | F39: =IF(E39="","",IFERROR(E39/D39-1,"")) -> 0.035068692 | G39: =Data!D115 -> 3.7842364 | H39: =Data!B117 -> 765.80945 | I39: =IF(H39="","",IFERROR(H39/D39-1,"")) -> 0.033481037 | J39: =Data!D117 -> 3.7969024 | K39: =Data!B113 -> 755.06354 | L39: =IF(K39="","",IFERROR(K39/D39-1,"")) -> 0.018979133 | M39: =Data!D113 -> 3.7319322 | N39: =MIN(E39,H39,K39) -> 755.06354 | O39: =MIN(F39,I39,L39) -> 0.018979133 | P39: =IF(N39=E39,"vrp_20",IF(N39=H39,"vrp_50","vrp_100")) -> vrp_100 | Q39: =SUM(G39,J39,M39) -> 11.313071 | R39: =IF(C39<=50,"≤50",IF(C39<=100,"51-100",IF(C39<=200,"101-200",IF(C39<=500,"201-500",">500")))) -> ≤50 | S39: =IF(O39<=0,"≤0%",IF(O39<=0.01,"0-1%",IF(O39<=0.02,"1-2%",IF(O39<=0.05,"2-5%",IF(O39<=0.1,"5-10%",">10%"))))) -> 1-2% | T39: =IF(O39<0,"VERIFICAR: gap < 0",IF(O39>0.2,"ATENÇÃO: gap > 20%","")) | U39: =IF(P39="vrp_20",G39,IF(P39="vrp_50",J39,M39)) -> 3.7319322 | V39: =L39-O39 -> 0
A40: B | B40: B-n50-k8 | C40: 49 | D40: =Data!J114 -> 1312 | E40: =Data!B116 -> 1321.3396 | F40: =IF(E40="","",IFERROR(E40/D40-1,"")) -> 0.0071185973 | G40: =Data!D116 -> 3.7842364 | H40: =Data!B118 -> 1319.3777 | I40: =IF(H40="","",IFERROR(H40/D40-1,"")) -> 0.0056232359 | J40: =Data!D118 -> 3.7969024 | K40: =Data!B114 -> 1377.8777 | L40: =IF(K40="","",IFERROR(K40/D40-1,"")) -> 0.050211651 | M40: =Data!D114 -> 3.7319322 | N40: =MIN(E40,H40,K40) -> 1319.3777 | O40: =MIN(F40,I40,L40) -> 0.0056232359 | P40: =IF(N40=E40,"vrp_20",IF(N40=H40,"vrp_50","vrp_100")) -> vrp_50 | Q40: =SUM(G40,J40,M40) -> 11.313071 | R40: =IF(C40<=50,"≤50",IF(C40<=100,"51-100",IF(C40<=200,"101-200",IF(C40<=500,"201-500",">500")))) -> ≤50 | S40: =IF(O40<=0,"≤0%",IF(O40<=0.01,"0-1%",IF(O40<=0.02,"1-2%",IF(O40<=0.05,"2-5%",IF(O40<=0.1,"5-10%",">10%"))))) -> 0-1% | T40: =IF(O40<0,"VERIFICAR: gap < 0",IF(O40>0.2,"ATENÇÃO: gap > 20%","")) | U40: =IF(P40="vrp_20",G40,IF(P40="vrp_50",J40,M40)) -> 3.7969024 | V40: =L40-O40 -> 0.044588415
A41: B | B41: B-n51-k7 | C41: 50 | D41: =Data!J119 -> 1032 | E41: =Data!B120 -> 1032 | F41: =IF(E41="","",IFERROR(E41/D41-1,"")) -> 0 | G41: =Data!D120 -> 3.9761064 | H41: =Data!B121 -> 1086.526 | I41: =IF(H41="","",IFERROR(H41/D41-1,"")) -> 0.052835272 | J41: =Data!D121 -> 3.919776 | K41: =Data!B119 -> 1075.7821 | L41: =IF(K41="","",IFERROR(K41/D41-1,"")) -> 0.04242452 | M41: =Data!D119 -> 3.6364923 | N41: =MIN(E41,H41,K41) -> 1032 | O41: =MIN(F41,I41,L41) -> 0 | P41: =IF(N41=E41,"vrp_20",IF(N41=H41,"vrp_50","vrp_100")) -> vrp_20 | Q41: =SUM(G41,J41,M41) -> 11.532375 | R41: =IF(C41<=50,"≤50",IF(C41<=100,"51-100",IF(C41<=200,"101-200",IF(C41<=500,"201-500",">500")))) -> ≤50 | S41: =IF(O41<=0,"≤0%",IF(O41<=0.01,"0-1%",IF(O41<=0.02,"1-2%",IF(O41<=0.05,"2-5%",IF(O41<=0.1,"5-10%",">10%"))))) -> ≤0% | T41: =IF(O41<0,"VERIFICAR: gap < 0",IF(O41>0.2,"ATENÇÃO: gap > 20%","")) | U41: =IF(P41="vrp_20",G41,IF(P41="vrp_50",J41,M41)) -> 3.9761064 | V41: =L41-O41 -> 0.04242452
A42: B | B42: B-n52-k7 | C42: 51 | D42: =Data!J122 -> 747 | E42: =Data!B123 -> 770.3504 | F42: =IF(E42="","",IFERROR(E42/D42-1,"")) -> 0.031258906 | G42: =Data!D123 -> 3.7714078 | H42: =Data!B124 -> 758.03424 | I42: =IF(H42="","",IFERROR(H42/D42-1,"")) -> 0.014771407 | J42: =Data!D124 -> 4.065963 | K42: =Data!B122 -> 765.95715 | L42: =IF(K42="","",IFERROR(K42/D42-1,"")) -> 0.025377715 | M42: =Data!D122 -> 3.5856133 | N42: =MIN(E42,H42,K42) -> 758.03424 | O42: =MIN(F42,I42,L42) -> 0.014771407 | P42: =IF(N42=E42,"vrp_20",IF(N42=H42,"vrp_50","vrp_100")) -> vrp_50 | Q42: =SUM(G42,J42,M42) -> 11.422984 | R42: =IF(C42<=50,"≤50",IF(C42<=100,"51-100",IF(C42<=200,"101-200",IF(C42<=500,"201-500",">500")))) -> 51-100 | S42: =IF(O42<=0,"≤0%",IF(O42<=0.01,"0-1%",IF(O42<=0.02,"1-2%",IF(O42<=0.05,"2-5%",IF(O42<=0.1,"5-10%",">10%"))))) -> 1-2% | T42: =IF(O42<0,"VERIFICAR: gap < 0",IF(O42>0.2,"ATENÇÃO: gap > 20%","")) | U42: =IF(P42="vrp_20",G42,IF(P42="vrp_50",J42,M42)) -> 4.065963 | V42: =L42-O42 -> 0.010606309
A43: B | B43: B-n56-k7 | C43: 55 | D43: =Data!J125 -> 707 | E43: =Data!B126 -> 747.76331 | F43: =IF(E43="","",IFERROR(E43/D43-1,"")) -> 0.057656727 | G43: =Data!D126 -> 4.1702108 | H43: =Data!B127 -> 745.91302 | I43: =IF(H43="","",IFERROR(H43/D43-1,"")) -> 0.055039639 | J43: =Data!D127 -> 3.9770029 | K43: =Data!B125 -> 735.4646 | L43: =IF(K43="","",IFERROR(K43/D43-1,"")) -> 0.040261103 | M43: =Data!D125 -> 4.7463269 | N43: =MIN(E43,H43,K43) -> 735.4646 | O43: =MIN(F43,I43,L43) -> 0.040261103 | P43: =IF(N43=E43,"vrp_20",IF(N43=H43,"vrp_50","vrp_100")) -> vrp_100 | Q43: =SUM(G43,J43,M43) -> 12.893541 | R43: =IF(C43<=50,"≤50",IF(C43<=100,"51-100",IF(C43<=200,"101-200",IF(C43<=500,"201-500",">500")))) -> 51-100 | S43: =IF(O43<=0,"≤0%",IF(O43<=0.01,"0-1%",IF(O43<=0.02,"1-2%",IF(O43<=0.05,"2-5%",IF(O43<=0.1,"5-10%",">10%"))))) -> 2-5% | T43: =IF(O43<0,"VERIFICAR: gap < 0",IF(O43>0.2,"ATENÇÃO: gap > 20%","")) | U43: =IF(P43="vrp_20",G43,IF(P43="vrp_50",J43,M43)) -> 4.7463269 | V43: =L43-O43 -> 0
A44: B | B44: B-n57-k7 | C44: 56 | D44: =Data!J128 -> 1153 | E44: =Data!B130 -> 1258.6501 | F44: =IF(E44="","",IFERROR(E44/D44-1,"")) -> 0.091630656 | G44: =Data!D130 -> 6.1280777 | H44: =Data!B132 -> 1158.0486 | I44: =IF(H44="","",IFERROR(H44/D44-1,"")) -> 0.0043786505 | J44: =Data!D132 -> 6.0994689 | K44: =Data!B128 -> 1154.6735 | L44: =IF(K44="","",IFERROR(K44/D44-1,"")) -> 0.001451398 | M44: =Data!D128 -> 6.7441814 | N44: =MIN(E44,H44,K44) -> 1154.6735 | O44: =MIN(F44,I44,L44) -> 0.001451398 | P44: =IF(N44=E44,"vrp_20",IF(N44=H44,"vrp_50","vrp_100")) -> vrp_100 | Q44: =SUM(G44,J44,M44) -> 18.971728 | R44: =IF(C44<=50,"≤50",IF(C44<=100,"51-100",IF(C44<=200,"101-200",IF(C44<=500,"201-500",">500")))) -> 51-100 | S44: =IF(O44<=0,"≤0%",IF(O44<=0.01,"0-1%",IF(O44<=0.02,"1-2%",IF(O44<=0.05,"2-5%",IF(O44<=0.1,"5-10%",">10%"))))) -> 0-1% | T44: =IF(O44<0,"VERIFICAR: gap < 0",IF(O44>0.2,"ATENÇÃO: gap > 20%","")) | U44: =IF(P44="vrp_20",G44,IF(P44="vrp_50",J44,M44)) -> 6.7441814 | V44: =L44-O44 -> 0
A45: B | B45: B-n57-k9 | C45: 56 | D45: =Data!J129 -> 1598 | E45: =Data!B131 -> 1634.6865 | F45: =IF(E45="","",IFERROR(E45/D45-1,"")) -> 0.022957774 | G45: =Data!D131 -> 6.1280777 | H45: =Data!B133 -> 1674.2549 | I45: =IF(H45="","",IFERROR(H45/D45-1,"")) -> 0.04771895 | J45: =Data!D133 -> 6.0994689 | K45: =Data!B129 -> 1645.4404 | L45: =IF(K45="","",IFERROR(K45/D45-1,"")) -> 0.029687378 | M45: =Data!D129 -> 6.7441814 | N45: =MIN(E45,H45,K45) -> 1634.6865 | O45: =MIN(F45,I45,L45) -> 0.022957774 | P45: =IF(N45=E45,"vrp_20",IF(N45=H45,"vrp_50","vrp_100")) -> vrp_20 | Q45: =SUM(G45,J45,M45) -> 18.971728 | R45: =IF(C45<=50,"≤50",IF(C45<=100,"51-100",IF(C45<=200,"101-200",IF(C45<=500,"201-500",">500")))) -> 51-100 | S45: =IF(O45<=0,"≤0%",IF(O45<=0.01,"0-1%",IF(O45<=0.02,"1-2%",IF(O45<=0.05,"2-5%",IF(O45<=0.1,"5-10%",">10%"))))) -> 2-5% | T45: =IF(O45<0,"VERIFICAR: gap < 0",IF(O45>0.2,"ATENÇÃO: gap > 20%","")) | U45: =IF(P45="vrp_20",G45,IF(P45="vrp_50",J45,M45)) -> 6.1280777 | V45: =L45-O45 -> 0.0067296034
A46: B | B46: B-n63-k10 | C46: 62 | D46: =Data!J134 -> 1496 | E46: =Data!B135 -> 1599.0903 | F46: =IF(E46="","",IFERROR(E46/D46-1,"")) -> 0.06891065 | G46: =Data!D135 -> 4.0730639 | H46: =Data!B136 -> 1560.7621 | I46: =IF(H46="","",IFERROR(H46/D46-1,"")) -> 0.043290164 | J46: =Data!D136 -> 4.0155592 | K46: =Data!B134 -> 1594.928 | L46: =IF(K46="","",IFERROR(K46/D46-1,"")) -> 0.066128328 | M46: =Data!D134 -> 3.4211946 | N46: =MIN(E46,H46,K46) -> 1560.7621 | O46: =MIN(F46,I46,L46) -> 0.043290164 | P46: =IF(N46=E46,"vrp_20",IF(N46=H46,"vrp_50","vrp_100")) -> vrp_50 | Q46: =SUM(G46,J46,M46) -> 11.509818 | R46: =IF(C46<=50,"≤50",IF(C46<=100,"51-100",IF(C46<=200,"101-200",IF(C46<=500,"201-500",">500")))) -> 51-100 | S46: =IF(O46<=0,"≤0%",IF(O46<=0.01,"0-1%",IF(O46<=0.02,"1-2%",IF(O46<=0.05,"2-5%",IF(O46<=0.1,"5-10%",">10%"))))) -> 2-5% | T46: =IF(O46<0,"VERIFICAR: gap < 0",IF(O46>0.2,"ATENÇÃO: gap > 20%","")) | U46: =IF(P46="vrp_20",G46,IF(P46="vrp_50",J46,M46)) -> 4.0155592 | V46: =L46-O46 -> 0.022838164
A47: B | B47: B-n64-k9 | C47: 63 | D47: =Data!J137 -> 861 | E47: =Data!B138 -> 904.27112 | F47: =IF(E47="","",IFERROR(E47/D47-1,"")) -> 0.050256816 | G47: =Data!D138 -> 3.9955955 | H47: =Data!B139 -> 923.89099 | I47: =IF(H47="","",IFERROR(H47/D47-1,"")) -> 0.073044125 | J47: =Data!D139 -> 4.041492 | K47: =Data!B137 -> 1011.7419 | L47: =IF(K47="","",IFERROR(K47/D47-1,"")) -> 0.17507775 | M47: =Data!D137 -> 3.1968627 | N47: =MIN(E47,H47,K47) -> 904.27112 | O47: =MIN(F47,I47,L47) -> 0.050256816 | P47: =IF(N47=E47,"vrp_20",IF(N47=H47,"vrp_50","vrp_100")) -> vrp_20 | Q47: =SUM(G47,J47,M47) -> 11.23395 | R47: =IF(C47<=50,"≤50",IF(C47<=100,"51-100",IF(C47<=200,"101-200",IF(C47<=500,"201-500",">500")))) -> 51-100 | S47: =IF(O47<=0,"≤0%",IF(O47<=0.01,"0-1%",IF(O47<=0.02,"1-2%",IF(O47<=0.05,"2-5%",IF(O47<=0.1,"5-10%",">10%"))))) -> 5-10% | T47: =IF(O47<0,"VERIFICAR: gap < 0",IF(O47>0.2,"ATENÇÃO: gap > 20%","")) | U47: =IF(P47="vrp_20",G47,IF(P47="vrp_50",J47,M47)) -> 3.9955955 | V47: =L47-O47 -> 0.12482094
A48: B | B48: B-n66-k9 | C48: 65 | D48: =Data!J140 -> 1316 | E48: =Data!B141 -> 1403.874 | F48: =IF(E48="","",IFERROR(E48/D48-1,"")) -> 0.066773574 | G48: =Data!D141 -> 3.9513183 | H48: =Data!B142 -> 1345.113 | I48: =IF(H48="","",IFERROR(H48/D48-1,"")) -> 0.022122369 | J48: =Data!D142 -> 3.7631993 | K48: =Data!B140 -> 1352.9832 | L48: =IF(K48="","",IFERROR(K48/D48-1,"")) -> 0.028102701 | M48: =Data!D140 -> 3.2087941 | N48: =MIN(E48,H48,K48) -> 1345.113 | O48: =MIN(F48,I48,L48) -> 0.022122369 | P48: =IF(N48=E48,"vrp_20",IF(N48=H48,"vrp_50","vrp_100")) -> vrp_50 | Q48: =SUM(G48,J48,M48) -> 10.923312 | R48: =IF(C48<=50,"≤50",IF(C48<=100,"51-100",IF(C48<=200,"101-200",IF(C48<=500,"201-500",">500")))) -> 51-100 | S48: =IF(O48<=0,"≤0%",IF(O48<=0.01,"0-1%",IF(O48<=0.02,"1-2%",IF(O48<=0.05,"2-5%",IF(O48<=0.1,"5-10%",">10%"))))) -> 2-5% | T48: =IF(O48<0,"VERIFICAR: gap < 0",IF(O48>0.2,"ATENÇÃO: gap > 20%","")) | U48: =IF(P48="vrp_20",G48,IF(P48="vrp_50",J48,M48)) -> 3.7631993 | V48: =L48-O48 -> 0.0059803322
A49: B | B49: B-n67-k10 | C49: 66 | D49: =Data!J143 -> 1032 | E49: =Data!B144 -> 1080.0792 | F49: =IF(E49="","",IFERROR(E49/D49-1,"")) -> 0.046588395 | G49: =Data!D144 -> 6.5571582 | H49: =Data!B145 -> 1061.9934 | I49: =IF(H49="","",IFERROR(H49/D49-1,"")) -> 0.02906338 | J49: =Data!D145 -> 5.2495716 | K49: =Data!B143 -> 1101.5715 | L49: =IF(K49="","",IFERROR(K49/D49-1,"")) -> 0.067414276 | M49: =Data!D143 -> 3.4797783 | N49: =MIN(E49,H49,K49) -> 1061.9934 | O49: =MIN(F49,I49,L49) -> 0.02906338 | P49: =IF(N49=E49,"vrp_20",IF(N49=H49,"vrp_50","vrp_100")) -> vrp_50 | Q49: =SUM(G49,J49,M49) -> 15.286508 | R49: =IF(C49<=50,"≤50",IF(C49<=100,"51-100",IF(C49<=200,"101-200",IF(C49<=500,"201-500",">500")))) -> 51-100 | S49: =IF(O49<=0,"≤0%",IF(O49<=0.01,"0-1%",IF(O49<=0.02,"1-2%",IF(O49<=0.05,"2-5%",IF(O49<=0.1,"5-10%",">10%"))))) -> 2-5% | T49: =IF(O49<0,"VERIFICAR: gap < 0",IF(O49>0.2,"ATENÇÃO: gap > 20%","")) | U49: =IF(P49="vrp_20",G49,IF(P49="vrp_50",J49,M49)) -> 5.2495716 | V49: =L49-O49 -> 0.038350896
A50: B | B50: B-n68-k9 | C50: 67 | D50: =Data!J146 -> 1272 | E50: =Data!B147 -> 1340.502 | F50: =IF(E50="","",IFERROR(E50/D50-1,"")) -> 0.053853737 | G50: =Data!D147 -> 4.018297 | H50: =Data!B148 -> 1305.3407 | I50: =IF(H50="","",IFERROR(H50/D50-1,"")) -> 0.026211241 | J50: =Data!D148 -> 3.0500977 | K50: =Data!B146 -> 1308.4362 | L50: =IF(K50="","",IFERROR(K50/D50-1,"")) -> 0.028644778 | M50: =Data!D146 -> 3.2663538 | N50: =MIN(E50,H50,K50) -> 1305.3407 | O50: =MIN(F50,I50,L50) -> 0.026211241 | P50: =IF(N50=E50,"vrp_20",IF(N50=H50,"vrp_50","vrp_100")) -> vrp_50 | Q50: =SUM(G50,J50,M50) -> 10.334749 | R50: =IF(C50<=50,"≤50",IF(C50<=100,"51-100",IF(C50<=200,"101-200",IF(C50<=500,"201-500",">500")))) -> 51-100 | S50: =IF(O50<=0,"≤0%",IF(O50<=0.01,"0-1%",IF(O50<=0.02,"1-2%",IF(O50<=0.05,"2-5%",IF(O50<=0.1,"5-10%",">10%"))))) -> 2-5% | T50: =IF(O50<0,"VERIFICAR: gap < 0",IF(O50>0.2,"ATENÇÃO: gap > 20%","")) | U50: =IF(P50="vrp_20",G50,IF(P50="vrp_50",J50,M50)) -> 3.0500977 | V50: =L50-O50 -> 0.0024335369
A51: B | B51: B-n78-k10 | C51: 77 | D51: =Data!J149 -> 1221 | E51: =Data!B150 -> 1325.3772 | F51: =IF(E51="","",IFERROR(E51/D51-1,"")) -> 0.08548501 | G51: =Data!D150 -> 4.1240175 | H51: =Data!B151 -> 1267.256 | I51: =IF(H51="","",IFERROR(H51/D51-1,"")) -> 0.037883687 | J51: =Data!D151 -> 3.4489834 | K51: =Data!B149 -> 1267.1172 | L51: =IF(K51="","",IFERROR(K51/D51-1,"")) -> 0.037770014 | M51: =Data!D149 -> 3.102469 | N51: =MIN(E51,H51,K51) -> 1267.1172 | O51: =MIN(F51,I51,L51) -> 0.037770014 | P51: =IF(N51=E51,"vrp_20",IF(N51=H51,"vrp_50","vrp_100")) -> vrp_100 | Q51: =SUM(G51,J51,M51) -> 10.67547 | R51: =IF(C51<=50,"≤50",IF(C51<=100,"51-100",IF(C51<=200,"101-200",IF(C51<=500,"201-500",">500")))) -> 51-100 | S51: =IF(O51<=0,"≤0%",IF(O51<=0.01,"0-1%",IF(O51<=0.02,"1-2%",IF(O51<=0.05,"2-5%",IF(O51<=0.1,"5-10%",">10%"))))) -> 2-5% | T51: =IF(O51<0,"VERIFICAR: gap < 0",IF(O51>0.2,"ATENÇÃO: gap > 20%","")) | U51: =IF(P51="vrp_20",G51,IF(P51="vrp_50",J51,M51)) -> 3.102469 | V51: =L51-O51 -> 0
A52: E | B52: E-n101-k14 | C52: 100 | D52: =Data!J153 -> 1067 | E52: =Data!B155 -> 1172.7649 | F52: =IF(E52="","",IFERROR(E52/D52-1,"")) -> 0.099123611 | G52: =Data!D155 -> 7.1416209 | H52: =Data!B157 -> 1139.2482 | I52: =IF(H52="","",IFERROR(H52/D52-1,"")) -> 0.067711499 | J52: =Data!D157 -> 7.0132906 | K52: =Data!B153 -> 1115.66 | L52: =IF(K52="","",IFERROR(K52/D52-1,"")) -> 0.045604531 | M52: =Data!D153 -> 6.2138028 | N52: =MIN(E52,H52,K52) -> 1115.66 | O52: =MIN(F52,I52,L52) -> 0.045604531 | P52: =IF(N52=E52,"vrp_20",IF(N52=H52,"vrp_50","vrp_100")) -> vrp_100 | Q52: =SUM(G52,J52,M52) -> 20.368714 | R52: =IF(C52<=50,"≤50",IF(C52<=100,"51-100",IF(C52<=200,"101-200",IF(C52<=500,"201-500",">500")))) -> 51-100 | S52: =IF(O52<=0,"≤0%",IF(O52<=0.01,"0-1%",IF(O52<=0.02,"1-2%",IF(O52<=0.05,"2-5%",IF(O52<=0.1,"5-10%",">10%"))))) -> 2-5% | T52: =IF(O52<0,"VERIFICAR: gap < 0",IF(O52>0.2,"ATENÇÃO: gap > 20%","")) | U52: =IF(P52="vrp_20",G52,IF(P52="vrp_50",J52,M52)) -> 6.2138028 | V52: =L52-O52 -> 0
A53: E | B53: E-n101-k8 | C53: 100 | D53: =Data!J152 -> 815 | E53: =Data!B154 -> 878.36865 | F53: =IF(E53="","",IFERROR(E53/D53-1,"")) -> 0.077752948 | G53: =Data!D154 -> 7.1416209 | H53: =Data!B156 -> 846.17676 | I53: =IF(H53="","",IFERROR(H53/D53-1,"")) -> 0.038253691 | J53: =Data!D156 -> 7.0132906 | K53: =Data!B152 -> 857.62439 | L53: =IF(K53="","",IFERROR(K53/D53-1,"")) -> 0.052299865 | M53: =Data!D152 -> 6.2138028 | N53: =MIN(E53,H53,K53) -> 846.17676 | O53: =MIN(F53,I53,L53) -> 0.038253691 | P53: =IF(N53=E53,"vrp_20",IF(N53=H53,"vrp_50","vrp_100")) -> vrp_50 | Q53: =SUM(G53,J53,M53) -> 20.368714 | R53: =IF(C53<=50,"≤50",IF(C53<=100,"51-100",IF(C53<=200,"101-200",IF(C53<=500,"201-500",">500")))) -> 51-100 | S53: =IF(O53<=0,"≤0%",IF(O53<=0.01,"0-1%",IF(O53<=0.02,"1-2%",IF(O53<=0.05,"2-5%",IF(O53<=0.1,"5-10%",">10%"))))) -> 2-5% | T53: =IF(O53<0,"VERIFICAR: gap < 0",IF(O53>0.2,"ATENÇÃO: gap > 20%","")) | U53: =IF(P53="vrp_20",G53,IF(P53="vrp_50",J53,M53)) -> 7.0132906 | V53: =L53-O53 -> 0.014046174
A54: E | B54: E-n22-k4 | C54: 21 | D54: =Data!J158 -> 375 | E54: =Data!B159 -> 395.63583 | F54: =IF(E54="","",IFERROR(E54/D54-1,"")) -> 0.05502889 | G54: =Data!D159 -> 2.8089304 | H54: =Data!B160 -> 383.51685 | I54: =IF(H54="","",IFERROR(H54/D54-1,"")) -> 0.022711589 | J54: =Data!D160 -> 3.8758857 | K54: =Data!B158 -> 375.27979 | L54: =IF(K54="","",IFERROR(K54/D54-1,"")) -> 0.00074609375 | M54: =Data!D158 -> 2.9608705 | N54: =MIN(E54,H54,K54) -> 375.27979 | O54: =MIN(F54,I54,L54) -> 0.00074609375 | P54: =IF(N54=E54,"vrp_20",IF(N54=H54,"vrp_50","vrp_100")) -> vrp_100 | Q54: =SUM(G54,J54,M54) -> 9.6456866 | R54: =IF(C54<=50,"≤50",IF(C54<=100,"51-100",IF(C54<=200,"101-200",IF(C54<=500,"201-500",">500")))) -> ≤50 | S54: =IF(O54<=0,"≤0%",IF(O54<=0.01,"0-1%",IF(O54<=0.02,"1-2%",IF(O54<=0.05,"2-5%",IF(O54<=0.1,"5-10%",">10%"))))) -> 0-1% | T54: =IF(O54<0,"VERIFICAR: gap < 0",IF(O54>0.2,"ATENÇÃO: gap > 20%","")) | U54: =IF(P54="vrp_20",G54,IF(P54="vrp_50",J54,M54)) -> 2.9608705 | V54: =L54-O54 -> 0
A55: E | B55: E-n23-k3 | C55: 22 | D55: =Data!J161 -> 569 | E55: =Data!B162 -> 569.88458 | F55: =IF(E55="","",IFERROR(E55/D55-1,"")) -> 0.0015546266 | G55: =Data!D162 -> 2.8236766 | H55: =Data!B163 -> 591.36133 | I55: =IF(H55="","",IFERROR(H55/D55-1,"")) -> 0.039299346 | J55: =Data!D163 -> 0.10122514 | K55: =Data!B161 -> 569.88464 | L55: =IF(K55="","",IFERROR(K55/D55-1,"")) -> 0.0015547338 | M55: =Data!D161 -> 3.0543449 | N55: =MIN(E55,H55,K55) -> 569.88458 | O55: =MIN(F55,I55,L55) -> 0.0015546266 | P55: =IF(N55=E55,"vrp_20",IF(N55=H55,"vrp_50","vrp_100")) -> vrp_20 | Q55: =SUM(G55,J55,M55) -> 5.9792466 | R55: =IF(C55<=50,"≤50",IF(C55<=100,"51-100",IF(C55<=200,"101-200",IF(C55<=500,"201-500",">500")))) -> ≤50 | S55: =IF(O55<=0,"≤0%",IF(O55<=0.01,"0-1%",IF(O55<=0.02,"1-2%",IF(O55<=0.05,"2-5%",IF(O55<=0.1,"5-10%",">10%"))))) -> 0-1% | T55: =IF(O55<0,"VERIFICAR: gap < 0",IF(O55>0.2,"ATENÇÃO: gap > 20%","")) | U55: =IF(P55="vrp_20",G55,IF(P55="vrp_50",J55,M55)) -> 2.8236766 | V55: =L55-O55 -> 1.0726741e-07
A56: E | B56: E-n30-k3 | C56: 29 | D56: =Data!J164 -> 534 | E56: =Data!B165 -> 534 | F56: =IF(E56="","",IFERROR(E56/D56-1,"")) -> 0 | G56: =Data!D165 -> 0.14350653 | H56: =Data!B166 -> 534 | I56: =IF(H56="","",IFERROR(H56/D56-1,"")) -> 0 | J56: =Data!D166 -> 0.14496064 | K56: =Data!B164 -> 534 | L56: =IF(K56="","",IFERROR(K56/D56-1,"")) -> 0 | M56: =Data!D164 -> 4.2691622 | N56: =MIN(E56,H56,K56) -> 534 | O56: =MIN(F56,I56,L56) -> 0 | P56: =IF(N56=E56,"vrp_20",IF(N56=H56,"vrp_50","vrp_100")) -> vrp_20 | Q56: =SUM(G56,J56,M56) -> 4.5576293 | R56: =IF(C56<=50,"≤50",IF(C56<=100,"51-100",IF(C56<=200,"101-200",IF(C56<=500,"201-500",">500")))) -> ≤50 | S56: =IF(O56<=0,"≤0%",IF(O56<=0.01,"0-1%",IF(O56<=0.02,"1-2%",IF(O56<=0.05,"2-5%",IF(O56<=0.1,"5-10%",">10%"))))) -> ≤0% | T56: =IF(O56<0,"VERIFICAR: gap < 0",IF(O56>0.2,"ATENÇÃO: gap > 20%","")) | U56: =IF(P56="vrp_20",G56,IF(P56="vrp_50",J56,M56)) -> 0.14350653 | V56: =L56-O56 -> 0
A57: E | B57: E-n33-k4 | C57: 32 | D57: =Data!J167 -> 835 | E57: =Data!B168 -> 846.34766 | F57: =IF(E57="","",IFERROR(E57/D57-1,"")) -> 0.013590007 | G57: =Data!D168 -> 2.5702035 | H57: =Data!B169 -> 842.51196 | I57: =IF(H57="","",IFERROR(H57/D57-1,"")) -> 0.0089963627 | J57: =Data!D169 -> 3.2686005 | K57: =Data!B167 -> 841.15735 | L57: =IF(K57="","",IFERROR(K57/D57-1,"")) -> 0.0073740702 | M57: =Data!D167 -> 6.1486499 | N57: =MIN(E57,H57,K57) -> 841.15735 | O57: =MIN(F57,I57,L57) -> 0.0073740702 | P57: =IF(N57=E57,"vrp_20",IF(N57=H57,"vrp_50","vrp_100")) -> vrp_100 | Q57: =SUM(G57,J57,M57) -> 11.987454 | R57: =IF(C57<=50,"≤50",IF(C57<=100,"51-100",IF(C57<=200,"101-200",IF(C57<=500,"201-500",">500")))) -> ≤50 | S57: =IF(O57<=0,"≤0%",IF(O57<=0.01,"0-1%",IF(O57<=0.02,"1-2%",IF(O57<=0.05,"2-5%",IF(O57<=0.1,"5-10%",">10%"))))) -> 0-1% | T57: =IF(O57<0,"VERIFICAR: gap < 0",IF(O57>0.2,"ATENÇÃO: gap > 20%","")) | U57: =IF(P57="vrp_20",G57,IF(P57="vrp_50",J57,M57)) -> 6.1486499 | V57: =L57-O57 -> 0
A58: E | B58: E-n51-k5 | C58: 50 | D58: =Data!J170 -> 521 | E58: =Data!B171 -> 530.17828 | F58: =IF(E58="","",IFERROR(E58/D58-1,"")) -> 0.017616667 | G58: =Data!D171 -> 3.1492336 | H58: =Data!B172 -> 524.92688 | I58: =IF(H58="","",IFERROR(H58/D58-1,"")) -> 0.0075371975 | J58: =Data!D172 -> 3.0208299 | K58: =Data!B170 -> 565.01428 | L58: =IF(K58="","",IFERROR(K58/D58-1,"")) -> 0.084480388 | M58: =Data!D170 -> 5.1001422 | N58: =MIN(E58,H58,K58) -> 524.92688 | O58: =MIN(F58,I58,L58) -> 0.0075371975 | P58: =IF(N58=E58,"vrp_20",IF(N58=H58,"vrp_50","vrp_100")) -> vrp_50 | Q58: =SUM(G58,J58,M58) -> 11.270206 | R58: =IF(C58<=50,"≤50",IF(C58<=100,"51-100",IF(C58<=200,"101-200",IF(C58<=500,"201-500",">500")))) -> ≤50 | S58: =IF(O58<=0,"≤0%",IF(O58<=0.01,"0-1%",IF(O58<=0.02,"1-2%",IF(O58<=0.05,"2-5%",IF(O58<=0.1,"5-10%",">10%"))))) -> 0-1% | T58: =IF(O58<0,"VERIFICAR: gap < 0",IF(O58>0.2,"ATENÇÃO: gap > 20%","")) | U58: =IF(P58="vrp_20",G58,IF(P58="vrp_50",J58,M58)) -> 3.0208299 | V58: =L58-O58 -> 0.076943191
A59: E | B59: E-n76-k10 | C59: 75 | D59: =Data!J175 -> 830 | E59: =Data!B179 -> 875.94861 | F59: =IF(E59="","",IFERROR(E59/D59-1,"")) -> 0.055359769 | G59: =Data!D179 -> 9.2385559 | H59: =Data!B183 -> 856.62201 | I59: =IF(H59="","",IFERROR(H59/D59-1,"")) -> 0.03207471 | J59: =Data!D183 -> 13.106418 | K59: =Data!B175 -> 856.58093 | L59: =IF(K59="","",IFERROR(K59/D59-1,"")) -> 0.03202522 | M59: =Data!D175 -> 9.9216757 | N59: =MIN(E59,H59,K59) -> 856.58093 | O59: =MIN(F59,I59,L59) -> 0.03202522 | P59: =IF(N59=E59,"vrp_20",IF(N59=H59,"vrp_50","vrp_100")) -> vrp_100 | Q59: =SUM(G59,J59,M59) -> 32.26665 | R59: =IF(C59<=50,"≤50",IF(C59<=100,"51-100",IF(C59<=200,"101-200",IF(C59<=500,"201-500",">500")))) -> 51-100 | S59: =IF(O59<=0,"≤0%",IF(O59<=0.01,"0-1%",IF(O59<=0.02,"1-2%",IF(O59<=0.05,"2-5%",IF(O59<=0.1,"5-10%",">10%"))))) -> 2-5% | T59: =IF(O59<0,"VERIFICAR: gap < 0",IF(O59>0.2,"ATENÇÃO: gap > 20%","")) | U59: =IF(P59="vrp_20",G59,IF(P59="vrp_50",J59,M59)) -> 9.9216757 | V59: =L59-O59 -> 0
A60: E | B60: E-n76-k14 | C60: 75 | D60: =Data!J176 -> 1021 | E60: =Data!B180 -> 1054.9541 | F60: =IF(E60="","",IFERROR(E60/D60-1,"")) -> 0.033255731 | G60: =Data!D180 -> 9.2385559 | H60: =Data!B184 -> 1057.4824 | I60: =IF(H60="","",IFERROR(H60/D60-1,"")) -> 0.035732049 | J60: =Data!D184 -> 13.106418 | K60: =Data!B176 -> 1056.4702 | L60: =IF(K60="","",IFERROR(K60/D60-1,"")) -> 0.034740661 | M60: =Data!D176 -> 9.9216757 | N60: =MIN(E60,H60,K60) -> 1054.9541 | O60: =MIN(F60,I60,L60) -> 0.033255731 | P60: =IF(N60=E60,"vrp_20",IF(N60=H60,"vrp_50","vrp_100")) -> vrp_20 | Q60: =SUM(G60,J60,M60) -> 32.26665 | R60: =IF(C60<=50,"≤50",IF(C60<=100,"51-100",IF(C60<=200,"101-200",IF(C60<=500,"201-500",">500")))) -> 51-100 | S60: =IF(O60<=0,"≤0%",IF(O60<=0.01,"0-1%",IF(O60<=0.02,"1-2%",IF(O60<=0.05,"2-5%",IF(O60<=0.1,"5-10%",">10%"))))) -> 2-5% | T60: =IF(O60<0,"VERIFICAR: gap < 0",IF(O60>0.2,"ATENÇÃO: gap > 20%","")) | U60: =IF(P60="vrp_20",G60,IF(P60="vrp_50",J60,M60)) -> 9.2385559 | V60: =L60-O60 -> 0.0014849298
A61: E | B61: E-n76-k7 | C61: 75 | D61: =Data!J173 -> 682 | E61: =Data!B177 -> 729.95227 | F61: =IF(E61="","",IFERROR(E61/D61-1,"")) -> 0.070311247 | G61: =Data!D177 -> 9.2385559 | H61: =Data!B181 -> 708.42987 | I61: =IF(H61="","",IFERROR(H61/D61-1,"")) -> 0.038753476 | J61: =Data!D181 -> 13.106418 | K61: =Data!B173 -> 720.15234 | L61: =IF(K61="","",IFERROR(K61/D61-1,"")) -> 0.055941853 | M61: =Data!D173 -> 9.9216757 | N61: =MIN(E61,H61,K61) -> 708.42987 | O61: =MIN(F61,I61,L61) -> 0.038753476 | P61: =IF(N61=E61,"vrp_20",IF(N61=H61,"vrp_50","vrp_100")) -> vrp_50 | Q61: =SUM(G61,J61,M61) -> 32.26665 | R61: =IF(C61<=50,"≤50",IF(C61<=100,"51-100",IF(C61<=200,"101-200",IF(C61<=500,"201-500",">500")))) -> 51-100 | S61: =IF(O61<=0,"≤0%",IF(O61<=0.01,"0-1%",IF(O61<=0.02,"1-2%",IF(O61<=0.05,"2-5%",IF(O61<=0.1,"5-10%",">10%"))))) -> 2-5% | T61: =IF(O61<0,"VERIFICAR: gap < 0",IF(O61>0.2,"ATENÇÃO: gap > 20%","")) | U61: =IF(P61="vrp_20",G61,IF(P61="vrp_50",J61,M61)) -> 13.106418 | V61: =L61-O61 -> 0.017188377
A62: E | B62: E-n76-k8 | C62: 75 | D62: =Data!J174 -> 735 | E62: =Data!B178 -> 781.01428 | F62: =IF(E62="","",IFERROR(E62/D62-1,"")) -> 0.062604466 | G62: =Data!D178 -> 9.2385559 | H62: =Data!B182 -> 757.47693 | I62: =IF(H62="","",IFERROR(H62/D62-1,"")) -> 0.030580855 | J62: =Data!D182 -> 13.106418 | K62: =Data!B174 -> 749.06677 | L62: =IF(K62="","",IFERROR(K62/D62-1,"")) -> 0.019138466 | M62: =Data!D174 -> 9.9216757 | N62: =MIN(E62,H62,K62) -> 749.06677 | O62: =MIN(F62,I62,L62) -> 0.019138466 | P62: =IF(N62=E62,"vrp_20",IF(N62=H62,"vrp_50","vrp_100")) -> vrp_100 | Q62: =SUM(G62,J62,M62) -> 32.26665 | R62: =IF(C62<=50,"≤50",IF(C62<=100,"51-100",IF(C62<=200,"101-200",IF(C62<=500,"201-500",">500")))) -> 51-100 | S62: =IF(O62<=0,"≤0%",IF(O62<=0.01,"0-1%",IF(O62<=0.02,"1-2%",IF(O62<=0.05,"2-5%",IF(O62<=0.1,"5-10%",">10%"))))) -> 1-2% | T62: =IF(O62<0,"VERIFICAR: gap < 0",IF(O62>0.2,"ATENÇÃO: gap > 20%","")) | U62: =IF(P62="vrp_20",G62,IF(P62="vrp_50",J62,M62)) -> 9.9216757 | V62: =L62-O62 -> 0
A63: F | B63: F-n135-k7 | C63: 134 | D63: =Data!J185 -> 1162 | E63: =Data!B186 -> 2029.8285 | F63: =IF(E63="","",IFERROR(E63/D63-1,"")) -> 0.74684035 | G63: =Data!D186 -> 17.932902 | H63: =Data!B187 -> 1326.8674 | I63: =IF(H63="","",IFERROR(H63/D63-1,"")) -> 0.14188247 | J63: =Data!D187 -> 8.8636539 | K63: =Data!B185 -> 1496.8518 | L63: =IF(K63="","",IFERROR(K63/D63-1,"")) -> 0.28816851 | M63: =Data!D185 -> 7.1104977 | N63: =MIN(E63,H63,K63) -> 1326.8674 | O63: =MIN(F63,I63,L63) -> 0.14188247 | P63: =IF(N63=E63,"vrp_20",IF(N63=H63,"vrp_50","vrp_100")) -> vrp_50 | Q63: =SUM(G63,J63,M63) -> 33.907054 | R63: =IF(C63<=50,"≤50",IF(C63<=100,"51-100",IF(C63<=200,"101-200",IF(C63<=500,"201-500",">500")))) -> 101-200 | S63: =IF(O63<=0,"≤0%",IF(O63<=0.01,"0-1%",IF(O63<=0.02,"1-2%",IF(O63<=0.05,"2-5%",IF(O63<=0.1,"5-10%",">10%"))))) -> >10% | T63: =IF(O63<0,"VERIFICAR: gap < 0",IF(O63>0.2,"ATENÇÃO: gap > 20%","")) | U63: =IF(P63="vrp_20",G63,IF(P63="vrp_50",J63,M63)) -> 8.8636539 | V63: =L63-O63 -> 0.14628604
A64: F | B64: F-n45-k4 | C64: 44 | D64: =Data!J188 -> 724 | E64: =Data!B189 -> 759.93274 | F64: =IF(E64="","",IFERROR(E64/D64-1,"")) -> 0.049630855 | G64: =Data!D189 -> 5.5181246 | H64: =Data!B190 -> 727.74634 | I64: =IF(H64="","",IFERROR(H64/D64-1,"")) -> 0.0051744998 | J64: =Data!D190 -> 2.6556268 | K64: =Data!B188 -> 734.7027 | L64: =IF(K64="","",IFERROR(K64/D64-1,"")) -> 0.014782732 | M64: =Data!D188 -> 3.4471073 | N64: =MIN(E64,H64,K64) -> 727.74634 | O64: =MIN(F64,I64,L64) -> 0.0051744998 | P64: =IF(N64=E64,"vrp_20",IF(N64=H64,"vrp_50","vrp_100")) -> vrp_50 | Q64: =SUM(G64,J64,M64) -> 11.620859 | R64: =IF(C64<=50,"≤50",IF(C64<=100,"51-100",IF(C64<=200,"101-200",IF(C64<=500,"201-500",">500")))) -> ≤50 | S64: =IF(O64<=0,"≤0%",IF(O64<=0.01,"0-1%",IF(O64<=0.02,"1-2%",IF(O64<=0.05,"2-5%",IF(O64<=0.1,"5-10%",">10%"))))) -> 0-1% | T64: =IF(O64<0,"VERIFICAR: gap < 0",IF(O64>0.2,"ATENÇÃO: gap > 20%","")) | U64: =IF(P64="vrp_20",G64,IF(P64="vrp_50",J64,M64)) -> 2.6556268 | V64: =L64-O64 -> 0.0096082319
A65: F | B65: F-n72-k4 | C65: 71 | D65: =Data!J191 -> 237 | E65: =Data!B192 -> 259.22314 | F65: =IF(E65="","",IFERROR(E65/D65-1,"")) -> 0.093768542 | G65: =Data!D192 -> 5.6005247 | H65: =Data!B193 -> 257.15784 | I65: =IF(H65="","",IFERROR(H65/D65-1,"")) -> 0.085054164 | J65: =Data!D193 -> 4.839519 | K65: =Data!B191 -> 254.56491 | L65: =IF(K65="","",IFERROR(K65/D65-1,"")) -> 0.074113548 | M65: =Data!D191 -> 3.9620788 | N65: =MIN(E65,H65,K65) -> 254.56491 | O65: =MIN(F65,I65,L65) -> 0.074113548 | P65: =IF(N65=E65,"vrp_20",IF(N65=H65,"vrp_50","vrp_100")) -> vrp_100 | Q65: =SUM(G65,J65,M65) -> 14.402122 | R65: =IF(C65<=50,"≤50",IF(C65<=100,"51-100",IF(C65<=200,"101-200",IF(C65<=500,"201-500",">500")))) -> 51-100 | S65: =IF(O65<=0,"≤0%",IF(O65<=0.01,"0-1%",IF(O65<=0.02,"1-2%",IF(O65<=0.05,"2-5%",IF(O65<=0.1,"5-10%",">10%"))))) -> 5-10% | T65: =IF(O65<0,"VERIFICAR: gap < 0",IF(O65>0.2,"ATENÇÃO: gap > 20%","")) | U65: =IF(P65="vrp_20",G65,IF(P65="vrp_50",J65,M65)) -> 3.9620788 | V65: =L65-O65 -> 0
A66: M | B66: M-n101-k10 | C66: 100 | D66: =Data!J194 -> 820 | E66: =Data!B195 -> 1001.4396 | F66: =IF(E66="","",IFERROR(E66/D66-1,"")) -> 0.22126777 | G66: =Data!D195 -> 2.5660291 | H66: =Data!B196 -> 832.87463 | I66: =IF(H66="","",IFERROR(H66/D66-1,"")) -> 0.015700773 | J66: =Data!D196 -> 2.506532 | K66: =Data!B194 -> 831.60065 | L66: =IF(K66="","",IFERROR(K66/D66-1,"")) -> 0.01414713 | M66: =Data!D194 -> 2.9455304 | N66: =MIN(E66,H66,K66) -> 831.60065 | O66: =MIN(F66,I66,L66) -> 0.01414713 | P66: =IF(N66=E66,"vrp_20",IF(N66=H66,"vrp_50","vrp_100")) -> vrp_100 | Q66: =SUM(G66,J66,M66) -> 8.0180914 | R66: =IF(C66<=50,"≤50",IF(C66<=100,"51-100",IF(C66<=200,"101-200",IF(C66<=500,"201-500",">500")))) -> 51-100 | S66: =IF(O66<=0,"≤0%",IF(O66<=0.01,"0-1%",IF(O66<=0.02,"1-2%",IF(O66<=0.05,"2-5%",IF(O66<=0.1,"5-10%",">10%"))))) -> 1-2% | T66: =IF(O66<0,"VERIFICAR: gap < 0",IF(O66>0.2,"ATENÇÃO: gap > 20%","")) | U66: =IF(P66="vrp_20",G66,IF(P66="vrp_50",J66,M66)) -> 2.9455304 | V66: =L66-O66 -> 0
A67: M | B67: M-n121-k7 | C67: 120 | D67: =Data!J197 -> 1034 | E67: =Data!B198 -> 1193.854 | F67: =IF(E67="","",IFERROR(E67/D67-1,"")) -> 0.15459768 | G67: =Data!D198 -> 2.9320996 | H67: =Data!B199 -> 1077.8401 | I67: =IF(H67="","",IFERROR(H67/D67-1,"")) -> 0.042398538 | J67: =Data!D199 -> 2.3583825 | K67: =Data!B197 -> 1087.5698 | L67: =IF(K67="","",IFERROR(K67/D67-1,"")) -> 0.051808341 | M67: =Data!D197 -> 2.6123579 | N67: =MIN(E67,H67,K67) -> 1077.8401 | O67: =MIN(F67,I67,L67) -> 0.042398538 | P67: =IF(N67=E67,"vrp_20",IF(N67=H67,"vrp_50","vrp_100")) -> vrp_50 | Q67: =SUM(G67,J67,M67) -> 7.9028399 | R67: =IF(C67<=50,"≤50",IF(C67<=100,"51-100",IF(C67<=200,"101-200",IF(C67<=500,"201-500",">500")))) -> 101-200 | S67: =IF(O67<=0,"≤0%",IF(O67<=0.01,"0-1%",IF(O67<=0.02,"1-2%",IF(O67<=0.05,"2-5%",IF(O67<=0.1,"5-10%",">10%"))))) -> 2-5% | T67: =IF(O67<0,"VERIFICAR: gap < 0",IF(O67>0.2,"ATENÇÃO: gap > 20%","")) | U67: =IF(P67="vrp_20",G67,IF(P67="vrp_50",J67,M67)) -> 2.3583825 | V67: =L67-O67 -> 0.009409803
A68: M | B68: M-n151-k12 | C68: 150 | D68: =Data!J200 -> 1015 | E68: =Data!B201 -> 1135.4087 | F68: =IF(E68="","",IFERROR(E68/D68-1,"")) -> 0.11862925 | G68: =Data!D201 -> 3.3596852 | H68: =Data!B202 -> 1082.0144 | I68: =IF(H68="","",IFERROR(H68/D68-1,"")) -> 0.066024044 | J68: =Data!D202 -> 3.1036828 | K68: =Data!B200 -> 1087.2441 | L68: =IF(K68="","",IFERROR(K68/D68-1,"")) -> 0.071176493 | M68: =Data!D200 -> 4.1812434 | N68: =MIN(E68,H68,K68) -> 1082.0144 | O68: =MIN(F68,I68,L68) -> 0.066024044 | P68: =IF(N68=E68,"vrp_20",IF(N68=H68,"vrp_50","vrp_100")) -> vrp_50 | Q68: =SUM(G68,J68,M68) -> 10.644611 | R68: =IF(C68<=50,"≤50",IF(C68<=100,"51-100",IF(C68<=200,"101-200",IF(C68<=500,"201-500",">500")))) -> 101-200 | S68: =IF(O68<=0,"≤0%",IF(O68<=0.01,"0-1%",IF(O68<=0.02,"1-2%",IF(O68<=0.05,"2-5%",IF(O68<=0.1,"5-10%",">10%"))))) -> 5-10% | T68: =IF(O68<0,"VERIFICAR: gap < 0",IF(O68>0.2,"ATENÇÃO: gap > 20%","")) | U68: =IF(P68="vrp_20",G68,IF(P68="vrp_50",J68,M68)) -> 3.1036828 | V68: =L68-O68 -> 0.0051524496
A69: M | B69: M-n200-k16 | C69: 199 | D69: =Data!J204 -> 1274 | E69: =Data!B206 -> 1506.9658 | F69: =IF(E69="","",IFERROR(E69/D69-1,"")) -> 0.18286171 | G69: =Data!D206 -> 6.2054677 | H69: =Data!B208 -> 1402.0223 | I69: =IF(H69="","",IFERROR(H69/D69-1,"")) -> 0.10048849 | J69: =Data!D208 -> 5.2532594 | K69: =Data!B204 -> 1361.201 | L69: =IF(K69="","",IFERROR(K69/D69-1,"")) -> 0.068446664 | M69: =Data!D204 -> 5.796144 | N69: =MIN(E69,H69,K69) -> 1361.201 | O69: =MIN(F69,I69,L69) -> 0.068446664 | P69: =IF(N69=E69,"vrp_20",IF(N69=H69,"vrp_50","vrp_100")) -> vrp_100 | Q69: =SUM(G69,J69,M69) -> 17.254871 | R69: =IF(C69<=50,"≤50",IF(C69<=100,"51-100",IF(C69<=200,"101-200",IF(C69<=500,"201-500",">500")))) -> 101-200 | S69: =IF(O69<=0,"≤0%",IF(O69<=0.01,"0-1%",IF(O69<=0.02,"1-2%",IF(O69<=0.05,"2-5%",IF(O69<=0.1,"5-10%",">10%"))))) -> 5-10% | T69: =IF(O69<0,"VERIFICAR: gap < 0",IF(O69>0.2,"ATENÇÃO: gap > 20%","")) | U69: =IF(P69="vrp_20",G69,IF(P69="vrp_50",J69,M69)) -> 5.796144 | V69: =L69-O69 -> 0
A70: M | B70: M-n200-k17 | C70: 199 | D70: =Data!J203 -> 1275 | E70: =Data!B205 -> 1502.637 | F70: =IF(E70="","",IFERROR(E70/D70-1,"")) -> 0.17853879 | G70: =Data!D205 -> 6.2054677 | H70: =Data!B207 -> 1403.2855 | I70: =IF(H70="","",IFERROR(H70/D70-1,"")) -> 0.1006161 | J70: =Data!D207 -> 5.2532594 | K70: =Data!B203 -> 1359.248 | L70: =IF(K70="","",IFERROR(K70/D70-1,"")) -> 0.0660769 | M70: =Data!D203 -> 5.796144 | N70: =MIN(E70,H70,K70) -> 1359.248 | O70: =MIN(F70,I70,L70) -> 0.0660769 | P70: =IF(N70=E70,"vrp_20",IF(N70=H70,"vrp_50","vrp_100")) -> vrp_100 | Q70: =SUM(G70,J70,M70) -> 17.254871 | R70: =IF(C70<=50,"≤50",IF(C70<=100,"51-100",IF(C70<=200,"101-200",IF(C70<=500,"201-500",">500")))) -> 101-200 | S70: =IF(O70<=0,"≤0%",IF(O70<=0.01,"0-1%",IF(O70<=0.02,"1-2%",IF(O70<=0.05,"2-5%",IF(O70<=0.1,"5-10%",">10%"))))) -> 5-10% | T70: =IF(O70<0,"VERIFICAR: gap < 0",IF(O70>0.2,"ATENÇÃO: gap > 20%","")) | U70: =IF(P70="vrp_20",G70,IF(P70="vrp_50",J70,M70)) -> 5.796144 | V70: =L70-O70 -> 0
A71: P | B71: P-n101-k4 | C71: 100 | D71: =Data!J209 -> 681 | E71: =Data!B210 -> 746.79358 | F71: =IF(E71="","",IFERROR(E71/D71-1,"")) -> 0.096613185 | G71: =Data!D210 -> 4.2975547 | H71: =Data!B211 -> 726.45892 | I71: =IF(H71="","",IFERROR(H71/D71-1,"")) -> 0.066753191 | J71: =Data!D211 -> 3.54477 | K71: =Data!B209 -> 745.62244 | L71: =IF(K71="","",IFERROR(K71/D71-1,"")) -> 0.094893446 | M71: =Data!D209 -> 0.57243896 | N71: =MIN(E71,H71,K71) -> 726.45892 | O71: =MIN(F71,I71,L71) -> 0.066753191 | P71: =IF(N71=E71,"vrp_20",IF(N71=H71,"vrp_50","vrp_100")) -> vrp_50 | Q71: =SUM(G71,J71,M71) -> 8.4147637 | R71: =IF(C71<=50,"≤50",IF(C71<=100,"51-100",IF(C71<=200,"101-200",IF(C71<=500,"201-500",">500")))) -> 51-100 | S71: =IF(O71<=0,"≤0%",IF(O71<=0.01,"0-1%",IF(O71<=0.02,"1-2%",IF(O71<=0.05,"2-5%",IF(O71<=0.1,"5-10%",">10%"))))) -> 5-10% | T71: =IF(O71<0,"VERIFICAR: gap < 0",IF(O71>0.2,"ATENÇÃO: gap > 20%","")) | U71: =IF(P71="vrp_20",G71,IF(P71="vrp_50",J71,M71)) -> 3.54477 | V71: =L71-O71 -> 0.028140254
A72: P | B72: P-n16-k8 | C72: 15 | D72: =Data!J212 -> 450 | E72: =Data!B213 -> 451.94708 | F72: =IF(E72="","",IFERROR(E72/D72-1,"")) -> 0.00432685 | G72: =Data!D213 -> 0.10997009 | H72: =Data!B214 -> 451.94708 | I72: =IF(H72="","",IFERROR(H72/D72-1,"")) -> 0.00432685 | J72: =Data!D214 -> 3.2441726 | K72: =Data!B212 -> 451.94708 | L72: =IF(K72="","",IFERROR(K72/D72-1,"")) -> 0.00432685 | M72: =Data!D212 -> 2.0814764 | N72: =MIN(E72,H72,K72) -> 451.94708 | O72: =MIN(F72,I72,L72) -> 0.00432685 | P72: =IF(N72=E72,"vrp_20",IF(N72=H72,"vrp_50","vrp_100")) -> vrp_20 | Q72: =SUM(G72,J72,M72) -> 5.4356191 | R72: =IF(C72<=50,"≤50",IF(C72<=100,"51-100",IF(C72<=200,"101-200",IF(C72<=500,"201-500",">500")))) -> ≤50 | S72: =IF(O72<=0,"≤0%",IF(O72<=0.01,"0-1%",IF(O72<=0.02,"1-2%",IF(O72<=0.05,"2-5%",IF(O72<=0.1,"5-10%",">10%"))))) -> 0-1% | T72: =IF(O72<0,"VERIFICAR: gap < 0",IF(O72>0.2,"ATENÇÃO: gap > 20%","")) | U72: =IF(P72="vrp_20",G72,IF(P72="vrp_50",J72,M72)) -> 0.10997009 | V72: =L72-O72 -> 0
A73: P | B73: P-n19-k2 | C73: 18 | D73: =Data!J215 -> 212 | E73: =Data!B216 -> 220.64313 | F73: =IF(E73="","",IFERROR(E73/D73-1,"")) -> 0.040769469 | G73: =Data!D216 -> 4.5985661 | H73: =Data!B217 -> 220.64313 | I73: =IF(H73="","",IFERROR(H73/D73-1,"")) -> 0.040769469 | J73: =Data!D217 -> 6.1232119 | K73: =Data!B215 -> 220.64313 | L73: =IF(K73="","",IFERROR(K73/D73-1,"")) -> 0.040769469 | M73: =Data!D215 -> 2.9902825 | N73: =MIN(E73,H73,K73) -> 220.64313 | O73: =MIN(F73,I73,L73) -> 0.040769469 | P73: =IF(N73=E73,"vrp_20",IF(N73=H73,"vrp_50","vrp_100")) -> vrp_20 | Q73: =SUM(G73,J73,M73) -> 13.71206 | R73: =IF(C73<=50,"≤50",IF(C73<=100,"51-100",IF(C73<=200,"101-200",IF(C73<=500,"201-500",">500")))) -> ≤50 | S73: =IF(O73<=0,"≤0%",IF(O73<=0.01,"0-1%",IF(O73<=0.02,"1-2%",IF(O73<=0.05,"2-5%",IF(O73<=0.1,"5-10%",">10%"))))) -> 2-5% | T73: =IF(O73<0,"VERIFICAR: gap < 0",IF(O73>0.2,"ATENÇÃO: gap > 20%","")) | U73: =IF(P73="vrp_20",G73,IF(P73="vrp_50",J73,M73)) -> 4.5985661 | V73: =L73-O73 -> 0
A74: P | B74: P-n20-k2 | C74: 19 | D74: =Data!J218 -> 216 | E74: =Data!B219 -> 220.62112 | F74: =IF(E74="","",IFERROR(E74/D74-1,"")) -> 0.021394094 | G74: =Data!D219 -> 5.0575244 | H74: =Data!B220 -> 226.51166 | I74: =IF(H74="","",IFERROR(H74/D74-1,"")) -> 0.048665082 | J74: =Data!D220 -> 5.9177108 | K74: =Data!B218 -> 254.41534 | L74: =IF(K74="","",IFERROR(K74/D74-1,"")) -> 0.17784882 | M74: =Data!D218 -> 3.0722847 | N74: =MIN(E74,H74,K74) -> 220.62112 | O74: =MIN(F74,I74,L74) -> 0.021394094 | P74: =IF(N74=E74,"vrp_20",IF(N74=H74,"vrp_50","vrp_100")) -> vrp_20 | Q74: =SUM(G74,J74,M74) -> 14.04752 | R74: =IF(C74<=50,"≤50",IF(C74<=100,"51-100",IF(C74<=200,"101-200",IF(C74<=500,"201-500",">500")))) -> ≤50 | S74: =IF(O74<=0,"≤0%",IF(O74<=0.01,"0-1%",IF(O74<=0.02,"1-2%",IF(O74<=0.05,"2-5%",IF(O74<=0.1,"5-10%",">10%"))))) -> 2-5% | T74: =IF(O74<0,"VERIFICAR: gap < 0",IF(O74>0.2,"ATENÇÃO: gap > 20%","")) | U74: =IF(P74="vrp_20",G74,IF(P74="vrp_50",J74,M74)) -> 5.0575244 | V74: =L74-O74 -> 0.15645472
A75: P | B75: P-n21-k2 | C75: 20 | D75: =Data!J221 -> 211 | E75: =Data!B222 -> 212.71155 | F75: =IF(E75="","",IFERROR(E75/D75-1,"")) -> 0.0081116012 | G75: =Data!D222 -> 3.9066527 | H75: =Data!B223 -> 214.73712 | I75: =IF(H75="","",IFERROR(H75/D75-1,"")) -> 0.017711477 | J75: =Data!D223 -> 3.7834845 | K75: =Data!B221 -> 255.16907 | L75: =IF(K75="","",IFERROR(K75/D75-1,"")) -> 0.20933207 | M75: =Data!D221 -> 3.1375909 | N75: =MIN(E75,H75,K75) -> 212.71155 | O75: =MIN(F75,I75,L75) -> 0.0081116012 | P75: =IF(N75=E75,"vrp_20",IF(N75=H75,"vrp_50","vrp_100")) -> vrp_20 | Q75: =SUM(G75,J75,M75) -> 10.827728 | R75: =IF(C75<=50,"≤50",IF(C75<=100,"51-100",IF(C75<=200,"101-200",IF(C75<=500,"201-500",">500")))) -> ≤50 | S75: =IF(O75<=0,"≤0%",IF(O75<=0.01,"0-1%",IF(O75<=0.02,"1-2%",IF(O75<=0.05,"2-5%",IF(O75<=0.1,"5-10%",">10%"))))) -> 0-1% | T75: =IF(O75<0,"VERIFICAR: gap < 0",IF(O75>0.2,"ATENÇÃO: gap > 20%","")) | U75: =IF(P75="vrp_20",G75,IF(P75="vrp_50",J75,M75)) -> 3.9066527 | V75: =L75-O75 -> 0.20122047
A76: P | B76: P-n22-k2 | C76: 21 | D76: =Data!J224 -> 216 | E76: =Data!B226 -> 219.89511 | F76: =IF(E76="","",IFERROR(E76/D76-1,"")) -> 0.018032922 | G76: =Data!D226 -> 3.7164359 | H76: =Data!B228 -> 218.05081 | I76: =IF(H76="","",IFERROR(H76/D76-1,"")) -> 0.0094944989 | J76: =Data!D228 -> 3.8020895 | K76: =Data!B224 -> 260.32706 | L76: =IF(K76="","",IFERROR(K76/D76-1,"")) -> 0.20521786 | M76: =Data!D224 -> 3.3053288 | N76: =MIN(E76,H76,K76) -> 218.05081 | O76: =MIN(F76,I76,L76) -> 0.0094944989 | P76: =IF(N76=E76,"vrp_20",IF(N76=H76,"vrp_50","vrp_100")) -> vrp_50 | Q76: =SUM(G76,J76,M76) -> 10.823854 | R76: =IF(C76<=50,"≤50",IF(C76<=100,"51-100",IF(C76<=200,"101-200",IF(C76<=500,"201-500",">500")))) -> ≤50 | S76: =IF(O76<=0,"≤0%",IF(O76<=0.01,"0-1%",IF(O76<=0.02,"1-2%",IF(O76<=0.05,"2-5%",IF(O76<=0.1,"5-10%",">10%"))))) -> 0-1% | T76: =IF(O76<0,"VERIFICAR: gap < 0",IF(O76>0.2,"ATENÇÃO: gap > 20%","")) | U76: =IF(P76="vrp_20",G76,IF(P76="vrp_50",J76,M76)) -> 3.8020895 | V76: =L76-O76 -> 0.19572336
A77: P | B77: P-n22-k8 | C77: 21 | D77: =Data!J225 -> 603 | E77: =Data!B227 -> 603 | F77: =IF(E77="","",IFERROR(E77/D77-1,"")) -> 0 | G77: =Data!D227 -> 3.7164359 | H77: =Data!B229 -> 620.42859 | I77: =IF(H77="","",IFERROR(H77/D77-1,"")) -> 0.028903132 | J77: =Data!D229 -> 3.8020895 | K77: =Data!B225 -> 603 | L77: =IF(K77="","",IFERROR(K77/D77-1,"")) -> 0 | M77: =Data!D225 -> 3.3053288 | N77: =MIN(E77,H77,K77) -> 603 | O77: =MIN(F77,I77,L77) -> 0 | P77: =IF(N77=E77,"vrp_20",IF(N77=H77,"vrp_50","vrp_100")) -> vrp_20 | Q77: =SUM(G77,J77,M77) -> 10.823854 | R77: =IF(C77<=50,"≤50",IF(C77<=100,"51-100",IF(C77<=200,"101-200",IF(C77<=500,"201-500",">500")))) -> ≤50 | S77: =IF(O77<=0,"≤0%",IF(O77<=0.01,"0-1%",IF(O77<=0.02,"1-2%",IF(O77<=0.05,"2-5%",IF(O77<=0.1,"5-10%",">10%"))))) -> ≤0% | T77: =IF(O77<0,"VERIFICAR: gap < 0",IF(O77>0.2,"ATENÇÃO: gap > 20%","")) | U77: =IF(P77="vrp_20",G77,IF(P77="vrp_50",J77,M77)) -> 3.7164359 | V77: =L77-O77 -> 0
A78: P | B78: P-n23-k8 | C78: 22 | D78: =Data!J230 -> 529 | E78: =Data!B231 -> 541.31598 | F78: =IF(E78="","",IFERROR(E78/D78-1,"")) -> 0.023281624 | G78: =Data!D231 -> 3.672586 | H78: =Data!B232 -> 542.22522 | I78: =IF(H78="","",IFERROR(H78/D78-1,"")) -> 0.025000415 | J78: =Data!D232 -> 3.7273233 | K78: =Data!B230 -> 538.84845 | L78: =IF(K78="","",IFERROR(K78/D78-1,"")) -> 0.018617107 | M78: =Data!D230 -> 3.727005 | N78: =MIN(E78,H78,K78) -> 538.84845 | O78: =MIN(F78,I78,L78) -> 0.018617107 | P78: =IF(N78=E78,"vrp_20",IF(N78=H78,"vrp_50","vrp_100")) -> vrp_100 | Q78: =SUM(G78,J78,M78) -> 11.126914 | R78: =IF(C78<=50,"≤50",IF(C78<=100,"51-100",IF(C78<=200,"101-200",IF(C78<=500,"201-500",">500")))) -> ≤50 | S78: =IF(O78<=0,"≤0%",IF(O78<=0.01,"0-1%",IF(O78<=0.02,"1-2%",IF(O78<=0.05,"2-5%",IF(O78<=0.1,"5-10%",">10%"))))) -> 1-2% | T78: =IF(O78<0,"VERIFICAR: gap < 0",IF(O78>0.2,"ATENÇÃO: gap > 20%","")) | U78: =IF(P78="vrp_20",G78,IF(P78="vrp_50",J78,M78)) -> 3.727005 | V78: =L78-O78 -> 0
A79: P | B79: P-n40-k5 | C79: 39 | D79: =Data!J233 -> 458 | E79: =Data!B234 -> 466.31903 | F79: =IF(E79="","",IFERROR(E79/D79-1,"")) -> 0.018163823 | G79: =Data!D234 -> 5.7744586 | H79: =Data!B235 -> 461.7262 | I79: =IF(H79="","",IFERROR(H79/D79-1,"")) -> 0.0081357998 | J79: =Data!D235 -> 5.0531707 | K79: =Data!B233 -> 489.61816 | L79: =IF(K79="","",IFERROR(K79/D79-1,"")) -> 0.069035293 | M79: =Data!D233 -> 3.6340871 | N79: =MIN(E79,H79,K79) -> 461.7262 | O79: =MIN(F79,I79,L79) -> 0.0081357998 | P79: =IF(N79=E79,"vrp_20",IF(N79=H79,"vrp_50","vrp_100")) -> vrp_50 | Q79: =SUM(G79,J79,M79) -> 14.461716 | R79: =IF(C79<=50,"≤50",IF(C79<=100,"51-100",IF(C79<=200,"101-200",IF(C79<=500,"201-500",">500")))) -> ≤50 | S79: =IF(O79<=0,"≤0%",IF(O79<=0.01,"0-1%",IF(O79<=0.02,"1-2%",IF(O79<=0.05,"2-5%",IF(O79<=0.1,"5-10%",">10%"))))) -> 0-1% | T79: =IF(O79<0,"VERIFICAR: gap < 0",IF(O79>0.2,"ATENÇÃO: gap > 20%","")) | U79: =IF(P79="vrp_20",G79,IF(P79="vrp_50",J79,M79)) -> 5.0531707 | V79: =L79-O79 -> 0.060899493
A80: P | B80: P-n45-k5 | C80: 44 | D80: =Data!J236 -> 510 | E80: =Data!B237 -> 514.42126 | F80: =IF(E80="","",IFERROR(E80/D80-1,"")) -> 0.0086691464 | G80: =Data!D237 -> 5.2497094 | H80: =Data!B238 -> 519.88452 | I80: =IF(H80="","",IFERROR(H80/D80-1,"")) -> 0.019381415 | J80: =Data!D238 -> 4.9817331 | K80: =Data!B236 -> 554.66003 | L80: =IF(K80="","",IFERROR(K80/D80-1,"")) -> 0.087568694 | M80: =Data!D236 -> 3.7465088 | N80: =MIN(E80,H80,K80) -> 514.42126 | O80: =MIN(F80,I80,L80) -> 0.0086691464 | P80: =IF(N80=E80,"vrp_20",IF(N80=H80,"vrp_50","vrp_100")) -> vrp_20 | Q80: =SUM(G80,J80,M80) -> 13.977951 | R80: =IF(C80<=50,"≤50",IF(C80<=100,"51-100",IF(C80<=200,"101-200",IF(C80<=500,"201-500",">500")))) -> ≤50 | S80: =IF(O80<=0,"≤0%",IF(O80<=0.01,"0-1%",IF(O80<=0.02,"1-2%",IF(O80<=0.05,"2-5%",IF(O80<=0.1,"5-10%",">10%"))))) -> 0-1% | T80: =IF(O80<0,"VERIFICAR: gap < 0",IF(O80>0.2,"ATENÇÃO: gap > 20%","")) | U80: =IF(P80="vrp_20",G80,IF(P80="vrp_50",J80,M80)) -> 5.2497094 | V80: =L80-O80 -> 0.078899548
A81: P | B81: P-n50-k10 | C81: 49 | D81: =Data!J241 -> 696 | E81: =Data!B244 -> 726.2229 | F81: =IF(E81="","",IFERROR(E81/D81-1,"")) -> 0.043423707 | G81: =Data!D244 -> 9.259958 | H81: =Data!B247 -> 723.56329 | I81: =IF(H81="","",IFERROR(H81/D81-1,"")) -> 0.039602433 | J81: =Data!D247 -> 5.796509 | K81: =Data!B241 -> 731.95349 | L81: =IF(K81="","",IFERROR(K81/D81-1,"")) -> 0.051657315 | M81: =Data!D241 -> 5.9056721 | N81: =MIN(E81,H81,K81) -> 723.56329 | O81: =MIN(F81,I81,L81) -> 0.039602433 | P81: =IF(N81=E81,"vrp_20",IF(N81=H81,"vrp_50","vrp_100")) -> vrp_50 | Q81: =SUM(G81,J81,M81) -> 20.962139 | R81: =IF(C81<=50,"≤50",IF(C81<=100,"51-100",IF(C81<=200,"101-200",IF(C81<=500,"201-500",">500")))) -> ≤50 | S81: =IF(O81<=0,"≤0%",IF(O81<=0.01,"0-1%",IF(O81<=0.02,"1-2%",IF(O81<=0.05,"2-5%",IF(O81<=0.1,"5-10%",">10%"))))) -> 2-5% | T81: =IF(O81<0,"VERIFICAR: gap < 0",IF(O81>0.2,"ATENÇÃO: gap > 20%","")) | U81: =IF(P81="vrp_20",G81,IF(P81="vrp_50",J81,M81)) -> 5.796509 | V81: =L81-O81 -> 0.012054882
A82: P | B82: P-n50-k7 | C82: 49 | D82: =Data!J239 -> 554 | E82: =Data!B242 -> 563.98108 | F82: =IF(E82="","",IFERROR(E82/D82-1,"")) -> 0.018016388 | G82: =Data!D242 -> 9.259958 | H82: =Data!B245 -> 578.20581 | I82: =IF(H82="","",IFERROR(H82/D82-1,"")) -> 0.043692799 | J82: =Data!D245 -> 5.796509 | K82: =Data!B239 -> 577.03577 | L82: =IF(K82="","",IFERROR(K82/D82-1,"")) -> 0.041580806 | M82: =Data!D239 -> 5.9056721 | N82: =MIN(E82,H82,K82) -> 563.98108 | O82: =MIN(F82,I82,L82) -> 0.018016388 | P82: =IF(N82=E82,"vrp_20",IF(N82=H82,"vrp_50","vrp_100")) -> vrp_20 | Q82: =SUM(G82,J82,M82) -> 20.962139 | R82: =IF(C82<=50,"≤50",IF(C82<=100,"51-100",IF(C82<=200,"101-200",IF(C82<=500,"201-500",">500")))) -> ≤50 | S82: =IF(O82<=0,"≤0%",IF(O82<=0.01,"0-1%",IF(O82<=0.02,"1-2%",IF(O82<=0.05,"2-5%",IF(O82<=0.1,"5-10%",">10%"))))) -> 1-2% | T82: =IF(O82<0,"VERIFICAR: gap < 0",IF(O82>0.2,"ATENÇÃO: gap > 20%","")) | U82: =IF(P82="vrp_20",G82,IF(P82="vrp_50",J82,M82)) -> 9.259958 | V82: =L82-O82 -> 0.023564418
A83: P | B83: P-n50-k8 | C83: 49 | D83: =Data!J240 -> 631 | E83: =Data!B243 -> 649.75952 | F83: =IF(E83="","",IFERROR(E83/D83-1,"")) -> 0.029729828 | G83: =Data!D243 -> 9.259958 | H83: =Data!B246 -> 642.50684 | I83: =IF(H83="","",IFERROR(H83/D83-1,"")) -> 0.018235873 | J83: =Data!D246 -> 5.796509 | K83: =Data!B240 -> 653.61963 | L83: =IF(K83="","",IFERROR(K83/D83-1,"")) -> 0.035847272 | M83: =Data!D240 -> 5.9056721 | N83: =MIN(E83,H83,K83) -> 642.50684 | O83: =MIN(F83,I83,L83) -> 0.018235873 | P83: =IF(N83=E83,"vrp_20",IF(N83=H83,"vrp_50","vrp_100")) -> vrp_50 | Q83: =SUM(G83,J83,M83) -> 20.962139 | R83: =IF(C83<=50,"≤50",IF(C83<=100,"51-100",IF(C83<=200,"101-200",IF(C83<=500,"201-500",">500")))) -> ≤50 | S83: =IF(O83<=0,"≤0%",IF(O83<=0.01,"0-1%",IF(O83<=0.02,"1-2%",IF(O83<=0.05,"2-5%",IF(O83<=0.1,"5-10%",">10%"))))) -> 1-2% | T83: =IF(O83<0,"VERIFICAR: gap < 0",IF(O83>0.2,"ATENÇÃO: gap > 20%","")) | U83: =IF(P83="vrp_20",G83,IF(P83="vrp_50",J83,M83)) -> 5.796509 | V83: =L83-O83 -> 0.017611399
A84: P | B84: P-n51-k10 | C84: 50 | D84: =Data!J248 -> 741 | E84: =Data!B249 -> 771.48749 | F84: =IF(E84="","",IFERROR(E84/D84-1,"")) -> 0.041143708 | G84: =Data!D249 -> 4.488898 | H84: =Data!B250 -> 766.09564 | I84: =IF(H84="","",IFERROR(H84/D84-1,"")) -> 0.033867263 | J84: =Data!D250 -> 3.8809826 | K84: =Data!B248 -> 765.54608 | L84: =IF(K84="","",IFERROR(K84/D84-1,"")) -> 0.033125616 | M84: =Data!D248 -> 3.9605126 | N84: =MIN(E84,H84,K84) -> 765.54608 | O84: =MIN(F84,I84,L84) -> 0.033125616 | P84: =IF(N84=E84,"vrp_20",IF(N84=H84,"vrp_50","vrp_100")) -> vrp_100 | Q84: =SUM(G84,J84,M84) -> 12.330393 | R84: =IF(C84<=50,"≤50",IF(C84<=100,"51-100",IF(C84<=200,"101-200",IF(C84<=500,"201-500",">500")))) -> ≤50 | S84: =IF(O84<=0,"≤0%",IF(O84<=0.01,"0-1%",IF(O84<=0.02,"1-2%",IF(O84<=0.05,"2-5%",IF(O84<=0.1,"5-10%",">10%"))))) -> 2-5% | T84: =IF(O84<0,"VERIFICAR: gap < 0",IF(O84>0.2,"ATENÇÃO: gap > 20%","")) | U84: =IF(P84="vrp_20",G84,IF(P84="vrp_50",J84,M84)) -> 3.9605126 | V84: =L84-O84 -> 0
A85: P | B85: P-n55-k10 | C85: 54 | D85: =Data!J253 -> 694 | E85: =Data!B257 -> 710.47919 | F85: =IF(E85="","",IFERROR(E85/D85-1,"")) -> 0.023745226 | G85: =Data!D257 -> 5.9331441 | H85: =Data!B261 -> 714.88354 | I85: =IF(H85="","",IFERROR(H85/D85-1,"")) -> 0.030091563 | J85: =Data!D261 -> 7.7370923 | K85: =Data!B253 -> 713.72083 | L85: =IF(K85="","",IFERROR(K85/D85-1,"")) -> 0.028416175 | M85: =Data!D253 -> 8.012404 | N85: =MIN(E85,H85,K85) -> 710.47919 | O85: =MIN(F85,I85,L85) -> 0.023745226 | P85: =IF(N85=E85,"vrp_20",IF(N85=H85,"vrp_50","vrp_100")) -> vrp_20 | Q85: =SUM(G85,J85,M85) -> 21.68264 | R85: =IF(C85<=50,"≤50",IF(C85<=100,"51-100",IF(C85<=200,"101-200",IF(C85<=500,"201-500",">500")))) -> 51-100 | S85: =IF(O85<=0,"≤0%",IF(O85<=0.01,"0-1%",IF(O85<=0.02,"1-2%",IF(O85<=0.05,"2-5%",IF(O85<=0.1,"5-10%",">10%"))))) -> 2-5% | T85: =IF(O85<0,"VERIFICAR: gap < 0",IF(O85>0.2,"ATENÇÃO: gap > 20%","")) | U85: =IF(P85="vrp_20",G85,IF(P85="vrp_50",J85,M85)) -> 5.9331441 | V85: =L85-O85 -> 0.0046709484
A86: P | B86: P-n55-k15 | C86: 54 | D86: =Data!J254 -> 989 | E86: =Data!B258 -> 989 | F86: =IF(E86="","",IFERROR(E86/D86-1,"")) -> 0 | G86: =Data!D258 -> 5.9331441 | H86: =Data!B262 -> 989 | I86: =IF(H86="","",IFERROR(H86/D86-1,"")) -> 0 | J86: =Data!D262 -> 7.7370923 | K86: =Data!B254 -> 989 | L86: =IF(K86="","",IFERROR(K86/D86-1,"")) -> 0 | M86: =Data!D254 -> 8.012404 | N86: =MIN(E86,H86,K86) -> 989 | O86: =MIN(F86,I86,L86) -> 0 | P86: =IF(N86=E86,"vrp_20",IF(N86=H86,"vrp_50","vrp_100")) -> vrp_20 | Q86: =SUM(G86,J86,M86) -> 21.68264 | R86: =IF(C86<=50,"≤50",IF(C86<=100,"51-100",IF(C86<=200,"101-200",IF(C86<=500,"201-500",">500")))) -> 51-100 | S86: =IF(O86<=0,"≤0%",IF(O86<=0.01,"0-1%",IF(O86<=0.02,"1-2%",IF(O86<=0.05,"2-5%",IF(O86<=0.1,"5-10%",">10%"))))) -> ≤0% | T86: =IF(O86<0,"VERIFICAR: gap < 0",IF(O86>0.2,"ATENÇÃO: gap > 20%","")) | U86: =IF(P86="vrp_20",G86,IF(P86="vrp_50",J86,M86)) -> 5.9331441 | V86: =L86-O86 -> 0
A87: P | B87: P-n55-k7 | C87: 54 | D87: =Data!J251 -> 568 | E87: =Data!B255 -> 593.72552 | F87: =IF(E87="","",IFERROR(E87/D87-1,"")) -> 0.045291417 | G87: =Data!D255 -> 5.9331441 | H87: =Data!B259 -> 587.23871 | I87: =IF(H87="","",IFERROR(H87/D87-1,"")) -> 0.033870966 | J87: =Data!D259 -> 7.7370923 | K87: =Data!B251 -> 595.47723 | L87: =IF(K87="","",IFERROR(K87/D87-1,"")) -> 0.048375412 | M87: =Data!D251 -> 8.012404 | N87: =MIN(E87,H87,K87) -> 587.23871 | O87: =MIN(F87,I87,L87) -> 0.033870966 | P87: =IF(N87=E87,"vrp_20",IF(N87=H87,"vrp_50","vrp_100")) -> vrp_50 | Q87: =SUM(G87,J87,M87) -> 21.68264 | R87: =IF(C87<=50,"≤50",IF(C87<=100,"51-100",IF(C87<=200,"101-200",IF(C87<=500,"201-500",">500")))) -> 51-100 | S87: =IF(O87<=0,"≤0%",IF(O87<=0.01,"0-1%",IF(O87<=0.02,"1-2%",IF(O87<=0.05,"2-5%",IF(O87<=0.1,"5-10%",">10%"))))) -> 2-5% | T87: =IF(O87<0,"VERIFICAR: gap < 0",IF(O87>0.2,"ATENÇÃO: gap > 20%","")) | U87: =IF(P87="vrp_20",G87,IF(P87="vrp_50",J87,M87)) -> 7.7370923 | V87: =L87-O87 -> 0.014504446
A88: P | B88: P-n55-k8 | C88: 54 | D88: =Data!J252 -> 588 | E88: =Data!B256 -> 588.20215 | F88: =IF(E88="","",IFERROR(E88/D88-1,"")) -> 0.00034378986 | G88: =Data!D256 -> 5.9331441 | H88: =Data!B260 -> 591.8512 | I88: =IF(H88="","",IFERROR(H88/D88-1,"")) -> 0.0065496536 | J88: =Data!D260 -> 7.7370923 | K88: =Data!B252 -> 595.37793 | L88: =IF(K88="","",IFERROR(K88/D88-1,"")) -> 0.012547499 | M88: =Data!D252 -> 8.012404 | N88: =MIN(E88,H88,K88) -> 588.20215 | O88: =MIN(F88,I88,L88) -> 0.00034378986 | P88: =IF(N88=E88,"vrp_20",IF(N88=H88,"vrp_50","vrp_100")) -> vrp_20 | Q88: =SUM(G88,J88,M88) -> 21.68264 | R88: =IF(C88<=50,"≤50",IF(C88<=100,"51-100",IF(C88<=200,"101-200",IF(C88<=500,"201-500",">500")))) -> 51-100 | S88: =IF(O88<=0,"≤0%",IF(O88<=0.01,"0-1%",IF(O88<=0.02,"1-2%",IF(O88<=0.05,"2-5%",IF(O88<=0.1,"5-10%",">10%"))))) -> 0-1% | T88: =IF(O88<0,"VERIFICAR: gap < 0",IF(O88>0.2,"ATENÇÃO: gap > 20%","")) | U88: =IF(P88="vrp_20",G88,IF(P88="vrp_50",J88,M88)) -> 5.9331441 | V88: =L88-O88 -> 0.01220371
A89: P | B89: P-n60-k10 | C89: 59 | D89: =Data!J263 -> 744 | E89: =Data!B265 -> 777.11682 | F89: =IF(E89="","",IFERROR(E89/D89-1,"")) -> 0.044511857 | G89: =Data!D265 -> 4.6048663 | H89: =Data!B267 -> 761.72009 | I89: =IF(H89="","",IFERROR(H89/D89-1,"")) -> 0.023817329 | J89: =Data!D267 -> 4.8413699 | K89: =Data!B263 -> 774.64935 | L89: =IF(K89="","",IFERROR(K89/D89-1,"")) -> 0.041195367 | M89: =Data!D263 -> 5.980336 | N89: =MIN(E89,H89,K89) -> 761.72009 | O89: =MIN(F89,I89,L89) -> 0.023817329 | P89: =IF(N89=E89,"vrp_20",IF(N89=H89,"vrp_50","vrp_100")) -> vrp_50 | Q89: =SUM(G89,J89,M89) -> 15.426572 | R89: =IF(C89<=50,"≤50",IF(C89<=100,"51-100",IF(C89<=200,"101-200",IF(C89<=500,"201-500",">500")))) -> 51-100 | S89: =IF(O89<=0,"≤0%",IF(O89<=0.01,"0-1%",IF(O89<=0.02,"1-2%",IF(O89<=0.05,"2-5%",IF(O89<=0.1,"5-10%",">10%"))))) -> 2-5% | T89: =IF(O89<0,"VERIFICAR: gap < 0",IF(O89>0.2,"ATENÇÃO: gap > 20%","")) | U89: =IF(P89="vrp_20",G89,IF(P89="vrp_50",J89,M89)) -> 4.8413699 | V89: =L89-O89 -> 0.017378038
A90: P | B90: P-n60-k15 | C90: 59 | D90: =Data!J264 -> 968 | E90: =Data!B266 -> 1042.2141 | F90: =IF(E90="","",IFERROR(E90/D90-1,"")) -> 0.07666747 | G90: =Data!D266 -> 4.6048663 | H90: =Data!B268 -> 994.724 | I90: =IF(H90="","",IFERROR(H90/D90-1,"")) -> 0.027607437 | J90: =Data!D268 -> 4.8413699 | K90: =Data!B264 -> 1018.5209 | L90: =IF(K90="","",IFERROR(K90/D90-1,"")) -> 0.052191049 | M90: =Data!D264 -> 5.980336 | N90: =MIN(E90,H90,K90) -> 994.724 | O90: =MIN(F90,I90,L90) -> 0.027607437 | P90: =IF(N90=E90,"vrp_20",IF(N90=H90,"vrp_50","vrp_100")) -> vrp_50 | Q90: =SUM(G90,J90,M90) -> 15.426572 | R90: =IF(C90<=50,"≤50",IF(C90<=100,"51-100",IF(C90<=200,"101-200",IF(C90<=500,"201-500",">500")))) -> 51-100 | S90: =IF(O90<=0,"≤0%",IF(O90<=0.01,"0-1%",IF(O90<=0.02,"1-2%",IF(O90<=0.05,"2-5%",IF(O90<=0.1,"5-10%",">10%"))))) -> 2-5% | T90: =IF(O90<0,"VERIFICAR: gap < 0",IF(O90>0.2,"ATENÇÃO: gap > 20%","")) | U90: =IF(P90="vrp_20",G90,IF(P90="vrp_50",J90,M90)) -> 4.8413699 | V90: =L90-O90 -> 0.024583612
A91: P | B91: P-n65-k10 | C91: 64 | D91: =Data!J269 -> 792 | E91: =Data!B270 -> 827.43829 | F91: =IF(E91="","",IFERROR(E91/D91-1,"")) -> 0.04474532 | G91: =Data!D270 -> 3.9269407 | H91: =Data!B271 -> 812.93933 | I91: =IF(H91="","",IFERROR(H91/D91-1,"")) -> 0.026438549 | J91: =Data!D271 -> 3.0925877 | K91: =Data!B269 -> 827.24146 | L91: =IF(K91="","",IFERROR(K91/D91-1,"")) -> 0.044496787 | M91: =Data!D269 -> 3.812166 | N91: =MIN(E91,H91,K91) -> 812.93933 | O91: =MIN(F91,I91,L91) -> 0.026438549 | P91: =IF(N91=E91,"vrp_20",IF(N91=H91,"vrp_50","vrp_100")) -> vrp_50 | Q91: =SUM(G91,J91,M91) -> 10.831694 | R91: =IF(C91<=50,"≤50",IF(C91<=100,"51-100",IF(C91<=200,"101-200",IF(C91<=500,"201-500",">500")))) -> 51-100 | S91: =IF(O91<=0,"≤0%",IF(O91<=0.01,"0-1%",IF(O91<=0.02,"1-2%",IF(O91<=0.05,"2-5%",IF(O91<=0.1,"5-10%",">10%"))))) -> 2-5% | T91: =IF(O91<0,"VERIFICAR: gap < 0",IF(O91>0.2,"ATENÇÃO: gap > 20%","")) | U91: =IF(P91="vrp_20",G91,IF(P91="vrp_50",J91,M91)) -> 3.0925877 | V91: =L91-O91 -> 0.018058237
A92: P | B92: P-n70-k10 | C92: 69 | D92: =Data!J272 -> 827 | E92: =Data!B273 -> 864.65302 | F92: =IF(E92="","",IFERROR(E92/D92-1,"")) -> 0.045529643 | G92: =Data!D273 -> 3.2196748 | H92: =Data!B274 -> 854.97559 | I92: =IF(H92="","",IFERROR(H92/D92-1,"")) -> 0.033827794 | J92: =Data!D274 -> 2.9403141 | K92: =Data!B272 -> 851.72009 | L92: =IF(K92="","",IFERROR(K92/D92-1,"")) -> 0.029891285 | M92: =Data!D272 -> 4.0091357 | N92: =MIN(E92,H92,K92) -> 851.72009 | O92: =MIN(F92,I92,L92) -> 0.029891285 | P92: =IF(N92=E92,"vrp_20",IF(N92=H92,"vrp_50","vrp_100")) -> vrp_100 | Q92: =SUM(G92,J92,M92) -> 10.169125 | R92: =IF(C92<=50,"≤50",IF(C92<=100,"51-100",IF(C92<=200,"101-200",IF(C92<=500,"201-500",">500")))) -> 51-100 | S92: =IF(O92<=0,"≤0%",IF(O92<=0.01,"0-1%",IF(O92<=0.02,"1-2%",IF(O92<=0.05,"2-5%",IF(O92<=0.1,"5-10%",">10%"))))) -> 2-5% | T92: =IF(O92<0,"VERIFICAR: gap < 0",IF(O92>0.2,"ATENÇÃO: gap > 20%","")) | U92: =IF(P92="vrp_20",G92,IF(P92="vrp_50",J92,M92)) -> 4.0091357 | V92: =L92-O92 -> 0
A93: P | B93: P-n76-k4 | C93: 75 | D93: =Data!J275 -> 593 | E93: =Data!B277 -> 639.52167 | F93: =IF(E93="","",IFERROR(E93/D93-1,"")) -> 0.078451379 | G93: =Data!D277 -> 2.663878 | H93: =Data!B279 -> 639.42712 | I93: =IF(H93="","",IFERROR(H93/D93-1,"")) -> 0.078291946 | J93: =Data!D279 -> 3.2574134 | K93: =Data!B275 -> 643.59082 | L93: =IF(K93="","",IFERROR(K93/D93-1,"")) -> 0.085313356 | M93: =Data!D275 -> 4.3511837 | N93: =MIN(E93,H93,K93) -> 639.42712 | O93: =MIN(F93,I93,L93) -> 0.078291946 | P93: =IF(N93=E93,"vrp_20",IF(N93=H93,"vrp_50","vrp_100")) -> vrp_50 | Q93: =SUM(G93,J93,M93) -> 10.272475 | R93: =IF(C93<=50,"≤50",IF(C93<=100,"51-100",IF(C93<=200,"101-200",IF(C93<=500,"201-500",">500")))) -> 51-100 | S93: =IF(O93<=0,"≤0%",IF(O93<=0.01,"0-1%",IF(O93<=0.02,"1-2%",IF(O93<=0.05,"2-5%",IF(O93<=0.1,"5-10%",">10%"))))) -> 5-10% | T93: =IF(O93<0,"VERIFICAR: gap < 0",IF(O93>0.2,"ATENÇÃO: gap > 20%","")) | U93: =IF(P93="vrp_20",G93,IF(P93="vrp_50",J93,M93)) -> 3.2574134 | V93: =L93-O93 -> 0.0070214103
A94: P | B94: P-n76-k5 | C94: 75 | D94: =Data!J276 -> 627 | E94: =Data!B278 -> 651.74512 | F94: =IF(E94="","",IFERROR(E94/D94-1,"")) -> 0.039465897 | G94: =Data!D278 -> 2.663878 | H94: =Data!B280 -> 645.71118 | I94: =IF(H94="","",IFERROR(H94/D94-1,"")) -> 0.029842395 | J94: =Data!D280 -> 3.2574134 | K94: =Data!B276 -> 665.95636 | L94: =IF(K94="","",IFERROR(K94/D94-1,"")) -> 0.062131355 | M94: =Data!D276 -> 4.3511837 | N94: =MIN(E94,H94,K94) -> 645.71118 | O94: =MIN(F94,I94,L94) -> 0.029842395 | P94: =IF(N94=E94,"vrp_20",IF(N94=H94,"vrp_50","vrp_100")) -> vrp_50 | Q94: =SUM(G94,J94,M94) -> 10.272475 | R94: =IF(C94<=50,"≤50",IF(C94<=100,"51-100",IF(C94<=200,"101-200",IF(C94<=500,"201-500",">500")))) -> 51-100 | S94: =IF(O94<=0,"≤0%",IF(O94<=0.01,"0-1%",IF(O94<=0.02,"1-2%",IF(O94<=0.05,"2-5%",IF(O94<=0.1,"5-10%",">10%"))))) -> 2-5% | T94: =IF(O94<0,"VERIFICAR: gap < 0",IF(O94>0.2,"ATENÇÃO: gap > 20%","")) | U94: =IF(P94="vrp_20",G94,IF(P94="vrp_50",J94,M94)) -> 3.2574134 | V94: =L94-O94 -> 0.03228896
A95: Taillard | B95: Tai100a | C95: 100 | D95: =Data!J281 -> 2041.34 | E95: =Data!B285 -> 2234.5273 | F95: =IF(E95="","",IFERROR(E95/D95-1,"")) -> 0.094637514 | G95: =Data!D285 -> 6.4325984 | H95: =Data!B289 -> 2180.0676 | I95: =IF(H95="","",IFERROR(H95/D95-1,"")) -> 0.067959099 | J95: =Data!D289 -> 5.4946568 | K95: =Data!B281 -> 2209.5454 | L95: =IF(K95="","",IFERROR(K95/D95-1,"")) -> 0.082399507 | M95: =Data!D281 -> 5.0155411 | N95: =MIN(E95,H95,K95) -> 2180.0676 | O95: =MIN(F95,I95,L95) -> 0.067959099 | P95: =IF(N95=E95,"vrp_20",IF(N95=H95,"vrp_50","vrp_100")) -> vrp_50 | Q95: =SUM(G95,J95,M95) -> 16.942796 | R95: =IF(C95<=50,"≤50",IF(C95<=100,"51-100",IF(C95<=200,"101-200",IF(C95<=500,"201-500",">500")))) -> 51-100 | S95: =IF(O95<=0,"≤0%",IF(O95<=0.01,"0-1%",IF(O95<=0.02,"1-2%",IF(O95<=0.05,"2-5%",IF(O95<=0.1,"5-10%",">10%"))))) -> 5-10% | T95: =IF(O95<0,"VERIFICAR: gap < 0",IF(O95>0.2,"ATENÇÃO: gap > 20%","")) | U95: =IF(P95="vrp_20",G95,IF(P95="vrp_50",J95,M95)) -> 5.4946568 | V95: =L95-O95 -> 0.014440408
A96: Taillard | B96: Tai100b | C96: 100 | D96: =Data!J282 -> 1939.9 | E96: =Data!B286 -> 2221.2046 | F96: =IF(E96="","",IFERROR(E96/D96-1,"")) -> 0.14500984 | G96: =Data!D286 -> 6.4325984 | H96: =Data!B290 -> 2017.5164 | I96: =IF(H96="","",IFERROR(H96/D96-1,"")) -> 0.040010494 | J96: =Data!D290 -> 5.4946568 | K96: =Data!B282 -> 2085.1472 | L96: =IF(K96="","",IFERROR(K96/D96-1,"")) -> 0.074873559 | M96: =Data!D282 -> 5.0155411 | N96: =MIN(E96,H96,K96) -> 2017.5164 | O96: =MIN(F96,I96,L96) -> 0.040010494 | P96: =IF(N96=E96,"vrp_20",IF(N96=H96,"vrp_50","vrp_100")) -> vrp_50 | Q96: =SUM(G96,J96,M96) -> 16.942796 | R96: =IF(C96<=50,"≤50",IF(C96<=100,"51-100",IF(C96<=200,"101-200",IF(C96<=500,"201-500",">500")))) -> 51-100 | S96: =IF(O96<=0,"≤0%",IF(O96<=0.01,"0-1%",IF(O96<=0.02,"1-2%",IF(O96<=0.05,"2-5%",IF(O96<=0.1,"5-10%",">10%"))))) -> 2-5% | T96: =IF(O96<0,"VERIFICAR: gap < 0",IF(O96>0.2,"ATENÇÃO: gap > 20%","")) | U96: =IF(P96="vrp_20",G96,IF(P96="vrp_50",J96,M96)) -> 5.4946568 | V96: =L96-O96 -> 0.034863065
A97: Taillard | B97: Tai100c | C97: 100 | D97: =Data!J283 -> 1406.2 | E97: =Data!B287 -> 1546.9479 | F97: =IF(E97="","",IFERROR(E97/D97-1,"")) -> 0.10009094 | G97: =Data!D287 -> 6.4325984 | H97: =Data!B291 -> 1531.8414 | I97: =IF(H97="","",IFERROR(H97/D97-1,"")) -> 0.089348194 | J97: =Data!D291 -> 5.4946568 | K97: =Data!B283 -> 1506.1857 | L97: =IF(K97="","",IFERROR(K97/D97-1,"")) -> 0.071103448 | M97: =Data!D283 -> 5.0155411 | N97: =MIN(E97,H97,K97) -> 1506.1857 | O97: =MIN(F97,I97,L97) -> 0.071103448 | P97: =IF(N97=E97,"vrp_20",IF(N97=H97,"vrp_50","vrp_100")) -> vrp_100 | Q97: =SUM(G97,J97,M97) -> 16.942796 | R97: =IF(C97<=50,"≤50",IF(C97<=100,"51-100",IF(C97<=200,"101-200",IF(C97<=500,"201-500",">500")))) -> 51-100 | S97: =IF(O97<=0,"≤0%",IF(O97<=0.01,"0-1%",IF(O97<=0.02,"1-2%",IF(O97<=0.05,"2-5%",IF(O97<=0.1,"5-10%",">10%"))))) -> 5-10% | T97: =IF(O97<0,"VERIFICAR: gap < 0",IF(O97>0.2,"ATENÇÃO: gap > 20%","")) | U97: =IF(P97="vrp_20",G97,IF(P97="vrp_50",J97,M97)) -> 5.0155411 | V97: =L97-O97 -> 0
A98: Taillard | B98: Tai100d | C98: 100 | D98: =Data!J284 -> 1580.46 | E98: =Data!B288 -> 1783.3569 | F98: =IF(E98="","",IFERROR(E98/D98-1,"")) -> 0.1283784 | G98: =Data!D288 -> 6.4325984 | H98: =Data!B292 -> 1680.0282 | I98: =IF(H98="","",IFERROR(H98/D98-1,"")) -> 0.062999505 | J98: =Data!D292 -> 5.4946568 | K98: =Data!B284 -> 1756.4755 | L98: =IF(K98="","",IFERROR(K98/D98-1,"")) -> 0.11136977 | M98: =Data!D284 -> 5.0155411 | N98: =MIN(E98,H98,K98) -> 1680.0282 | O98: =MIN(F98,I98,L98) -> 0.062999505 | P98: =IF(N98=E98,"vrp_20",IF(N98=H98,"vrp_50","vrp_100")) -> vrp_50 | Q98: =SUM(G98,J98,M98) -> 16.942796 | R98: =IF(C98<=50,"≤50",IF(C98<=100,"51-100",IF(C98<=200,"101-200",IF(C98<=500,"201-500",">500")))) -> 51-100 | S98: =IF(O98<=0,"≤0%",IF(O98<=0.01,"0-1%",IF(O98<=0.02,"1-2%",IF(O98<=0.05,"2-5%",IF(O98<=0.1,"5-10%",">10%"))))) -> 5-10% | T98: =IF(O98<0,"VERIFICAR: gap < 0",IF(O98>0.2,"ATENÇÃO: gap > 20%","")) | U98: =IF(P98="vrp_20",G98,IF(P98="vrp_50",J98,M98)) -> 5.4946568 | V98: =L98-O98 -> 0.048370263
A99: Taillard | B99: Tai150a | C99: 150 | D99: =Data!J293 -> 3055.23 | E99: =Data!B297 -> 3427.0903 | F99: =IF(E99="","",IFERROR(E99/D99-1,"")) -> 0.12171271 | G99: =Data!D297 -> 10.673415 | H99: =Data!B301 -> 3264.1567 | I99: =IF(H99="","",IFERROR(H99/D99-1,"")) -> 0.068383309 | J99: =Data!D301 -> 8.8667841 | K99: =Data!B293 -> 3416.0701 | L99: =IF(K99="","",IFERROR(K99/D99-1,"")) -> 0.1181057 | M99: =Data!D293 -> 7.6026151 | N99: =MIN(E99,H99,K99) -> 3264.1567 | O99: =MIN(F99,I99,L99) -> 0.068383309 | P99: =IF(N99=E99,"vrp_20",IF(N99=H99,"vrp_50","vrp_100")) -> vrp_50 | Q99: =SUM(G99,J99,M99) -> 27.142814 | R99: =IF(C99<=50,"≤50",IF(C99<=100,"51-100",IF(C99<=200,"101-200",IF(C99<=500,"201-500",">500")))) -> 101-200 | S99: =IF(O99<=0,"≤0%",IF(O99<=0.01,"0-1%",IF(O99<=0.02,"1-2%",IF(O99<=0.05,"2-5%",IF(O99<=0.1,"5-10%",">10%"))))) -> 5-10% | T99: =IF(O99<0,"VERIFICAR: gap < 0",IF(O99>0.2,"ATENÇÃO: gap > 20%","")) | U99: =IF(P99="vrp_20",G99,IF(P99="vrp_50",J99,M99)) -> 8.8667841 | V99: =L99-O99 -> 0.049722388
A100: Taillard | B100: Tai150b | C100: 150 | D100: =Data!J294 -> 2727.03 | E100: =Data!B298 -> 3157.6226 | F100: =IF(E100="","",IFERROR(E100/D100-1,"")) -> 0.15789799 | G100: =Data!D298 -> 10.673415 | H100: =Data!B302 -> 2997.5427 | I100: =IF(H100="","",IFERROR(H100/D100-1,"")) -> 0.099196828 | J100: =Data!D302 -> 8.8667841 | K100: =Data!B294 -> 2854.696 | L100: =IF(K100="","",IFERROR(K100/D100-1,"")) -> 0.04681505 | M100: =Data!D294 -> 7.6026151 | N100: =MIN(E100,H100,K100) -> 2854.696 | O100: =MIN(F100,I100,L100) -> 0.04681505 | P100: =IF(N100=E100,"vrp_20",IF(N100=H100,"vrp_50","vrp_100")) -> vrp_100 | Q100: =SUM(G100,J100,M100) -> 27.142814 | R100: =IF(C100<=50,"≤50",IF(C100<=100,"51-100",IF(C100<=200,"101-200",IF(C100<=500,"201-500",">500")))) -> 101-200 | S100: =IF(O100<=0,"≤0%",IF(O100<=0.01,"0-1%",IF(O100<=0.02,"1-2%",IF(O100<=0.05,"2-5%",IF(O100<=0.1,"5-10%",">10%"))))) -> 2-5% | T100: =IF(O100<0,"VERIFICAR: gap < 0",IF(O100>0.2,"ATENÇÃO: gap > 20%","")) | U100: =IF(P100="vrp_20",G100,IF(P100="vrp_50",J100,M100)) -> 7.6026151 | V100: =L100-O100 -> 0
...

Sheet Analise_Sets
A1: Set | B1: N | C1: Gap médio | D1: Desvio | E1: Mín | F1: Q1 | G1: Mediana | H1: Q3 | I1: Máx | J1: ≤1% | K1: ≤2% | L1: ≤5% | M1: >10% | N1: Gap negativo | O1: Tempo médio portfólio | P1: % melhor vrp_20 | Q1: % melhor vrp_50 | R1: % melhor vrp_100 | S1: n médio | V1: Indicadores globais
A2: A | B2: =COUNT($D$15:$D$41) -> 27 | C2: =AVERAGE($D$15:$D$41) -> 0.01969888 | D2: =STDEV($D$15:$D$41) -> 0.012653279 | E2: =MIN($D$15:$D$41) -> 0.0034561363 | F2: =QUARTILE($D$15:$D$41,1) -> 0.011750388 | G2: =MEDIAN($D$15:$D$41) -> 0.015008983 | H2: =QUARTILE($D$15:$D$41,3) -> 0.023399458 | I2: =MAX($D$15:$D$41) -> 0.050454027 | J2: =COUNTIF($D$15:$D$41,"<=0.01")/B2 -> 0 | K2: =COUNTIF($D$15:$D$41,"<=0.02")/B2 -> 0 | L2: =COUNTIF($D$15:$D$41,"<=0.05")/B2 -> 0 | M2: =COUNTIF($D$15:$D$41,">0.10")/B2 -> 0 | N2: =COUNTIF($D$15:$D$41,"<0")/B2 -> 0 | O2: =AVERAGE($F$15:$F$41) -> 11.292922 | P2: =COUNTIF($E$15:$E$41,"vrp_20")/B2 -> 0.18518519 | Q2: =COUNTIF($E$15:$E$41,"vrp_50")/B2 -> 0.44444444 | R2: =COUNTIF($E$15:$E$41,"vrp_100")/B2 -> 0.37037037 | S2: =48.4444444444444 -> 48.444444 | V2: Gap médio micro | W2: =AVERAGE(Analise_Instancias!$O$2:$O$207) -> 0.06410587
A3: B | B3: =COUNT($D$42:$D$64) -> 23 | C3: =AVERAGE($D$42:$D$64) -> 0.024573061 | D3: =STDEV($D$42:$D$64) -> 0.015822579 | E3: =MIN($D$42:$D$64) -> 0 | F3: =QUARTILE($D$42:$D$64,1) -> 0.015492651 | G3: =MEDIAN($D$42:$D$64) -> 0.022957774 | H3: =QUARTILE($D$42:$D$64,3) -> 0.033337966 | I3: =MAX($D$42:$D$64) -> 0.064526043 | J3: =COUNTIF($D$42:$D$64,"<=0.01")/B3 -> 0 | K3: =COUNTIF($D$42:$D$64,"<=0.02")/B3 -> 0 | L3: =COUNTIF($D$42:$D$64,"<=0.05")/B3 -> 0 | M3: =COUNTIF($D$42:$D$64,">0.10")/B3 -> 0 | N3: =COUNTIF($D$42:$D$64,"<0")/B3 -> 0 | O3: =AVERAGE($F$42:$F$64) -> 11.885841 | P3: =COUNTIF($E$42:$E$64,"vrp_20")/B3 -> 0.39130435 | Q3: =COUNTIF($E$42:$E$64,"vrp_50")/B3 -> 0.34782609 | R3: =COUNTIF($E$42:$E$64,"vrp_100")/B3 -> 0.26086957 | S3: =50.0434782608695 -> 50.043478 | V3: Gap médio macro | W3: =AVERAGE(C2:C9) -> 0.04774537
A4: E | B4: =COUNT($D$65:$D$75) -> 11 | C4: =AVERAGE($D$65:$D$75) -> 0.020385737 | D4: =STDEV($D$65:$D$75) -> 0.017565842 | E4: =MIN($D$65:$D$75) -> 0 | F4: =QUARTILE($D$65:$D$75,1) -> 0.0044643484 | G4: =MEDIAN($D$65:$D$75) -> 0.019138466 | H4: =QUARTILE($D$65:$D$75,3) -> 0.035754711 | I4: =MAX($D$65:$D$75) -> 0.045604531 | J4: =COUNTIF($D$65:$D$75,"<=0.01")/B4 -> 0 | K4: =COUNTIF($D$65:$D$75,"<=0.02")/B4 -> 0 | L4: =COUNTIF($D$65:$D$75,"<=0.05")/B4 -> 0 | M4: =COUNTIF($D$65:$D$75,">0.10")/B4 -> 0 | N4: =COUNTIF($D$65:$D$75,"<0")/B4 -> 0 | O4: =AVERAGE($F$65:$F$75) -> 19.385841 | P4: =COUNTIF($E$65:$E$75,"vrp_20")/B4 -> 0.27272727 | Q4: =COUNTIF($E$65:$E$75,"vrp_50")/B4 -> 0.27272727 | R4: =COUNTIF($E$65:$E$75,"vrp_100")/B4 -> 0.45454545 | S4: =59.4545454545454 -> 59.454545 | V4: Mediana global | W4: =MEDIAN(Analise_Instancias!$O$2:$O$207) -> 0.055118892
A5: F | B5: =COUNT($D$76:$D$78) -> 3 | C5: =AVERAGE($D$76:$D$78) -> 0.073723506 | D5: =STDEV($D$76:$D$78) -> 0.06835482 | E5: =MIN($D$76:$D$78) -> 0.0051744998 | F5: =QUARTILE($D$76:$D$78,1) -> 0.039644024 | G5: =MEDIAN($D$76:$D$78) -> 0.074113548 | H5: =QUARTILE($D$76:$D$78,3) -> 0.10799801 | I5: =MAX($D$76:$D$78) -> 0.14188247 | J5: =COUNTIF($D$76:$D$78,"<=0.01")/B5 -> 0 | K5: =COUNTIF($D$76:$D$78,"<=0.02")/B5 -> 0 | L5: =COUNTIF($D$76:$D$78,"<=0.05")/B5 -> 0 | M5: =COUNTIF($D$76:$D$78,">0.10")/B5 -> 0 | N5: =COUNTIF($D$76:$D$78,"<0")/B5 -> 0 | O5: =AVERAGE($F$76:$F$78) -> 19.976678 | P5: =COUNTIF($E$76:$E$78,"vrp_20")/B5 -> 0 | Q5: =COUNTIF($E$76:$E$78,"vrp_50")/B5 -> 0.66666667 | R5: =COUNTIF($E$76:$E$78,"vrp_100")/B5 -> 0.33333333 | S5: =83 -> 83 | V5: Instâncias ≤ 5% | W5: =COUNTIF(Analise_Instancias!$O$2:$O$207,"<=0.05")/COUNT(Analise_Instancias!$O$2:$O$207) -> 0
A6: M | B6: =COUNT($D$79:$D$83) -> 5 | C6: =AVERAGE($D$79:$D$83) -> 0.051418655 | D6: =STDEV($D$79:$D$83) -> 0.023391578 | E6: =MIN($D$79:$D$83) -> 0.01414713 | F6: =QUARTILE($D$79:$D$83,1) -> 0.042398538 | G6: =MEDIAN($D$79:$D$83) -> 0.066024044 | H6: =QUARTILE($D$79:$D$83,3) -> 0.0660769 | I6: =MAX($D$79:$D$83) -> 0.068446664 | J6: =COUNTIF($D$79:$D$83,"<=0.01")/B6 -> 0 | K6: =COUNTIF($D$79:$D$83,"<=0.02")/B6 -> 0 | L6: =COUNTIF($D$79:$D$83,"<=0.05")/B6 -> 0 | M6: =COUNTIF($D$79:$D$83,">0.10")/B6 -> 0 | N6: =COUNTIF($D$79:$D$83,"<0")/B6 -> 0 | O6: =AVERAGE($F$79:$F$83) -> 12.215057 | P6: =COUNTIF($E$79:$E$83,"vrp_20")/B6 -> 0 | Q6: =COUNTIF($E$79:$E$83,"vrp_50")/B6 -> 0.4 | R6: =COUNTIF($E$79:$E$83,"vrp_100")/B6 -> 0.6 | S6: =153.6 -> 153.6 | V6: N total | W6: =COUNT(Analise_Instancias!$O$2:$O$207) -> 206
A7: P | B7: =COUNT($D$84:$D$107) -> 24 | C7: =AVERAGE($D$84:$D$107) -> 0.023712541 | D7: =STDEV($D$84:$D$107) -> 0.019470975 | E7: =MIN($D$84:$D$107) -> 0 | F7: =QUARTILE($D$84:$D$107,1) -> 0.0085358097 | G7: =MEDIAN($D$84:$D$107) -> 0.02256966 | H7: =QUARTILE($D$84:$D$107,3) -> 0.030699868 | I7: =MAX($D$84:$D$107) -> 0.078291946 | J7: =COUNTIF($D$84:$D$107,"<=0.01")/B7 -> 0 | K7: =COUNTIF($D$84:$D$107,"<=0.02")/B7 -> 0 | L7: =COUNTIF($D$84:$D$107,"<=0.05")/B7 -> 0 | M7: =COUNTIF($D$84:$D$107,">0.10")/B7 -> 0 | N7: =COUNTIF($D$84:$D$107,"<0")/B7 -> 0 | O7: =AVERAGE($F$84:$F$107) -> 14.499928 | P7: =COUNTIF($E$84:$E$107,"vrp_20")/B7 -> 0.41666667 | Q7: =COUNTIF($E$84:$E$107,"vrp_50")/B7 -> 0.45833333 | R7: =COUNTIF($E$84:$E$107,"vrp_100")/B7 -> 0.125 | S7: =47.2083333333333 -> 47.208333
A8: Taillard | B8: =COUNT($D$108:$D$120) -> 13 | C8: =AVERAGE($D$108:$D$120) -> 0.069056399 | D8: =STDEV($D$108:$D$120) -> 0.024427951 | E8: =MIN($D$108:$D$120) -> 0.040010494 | F8: =QUARTILE($D$108:$D$120,1) -> 0.061838101 | G8: =MEDIAN($D$108:$D$120) -> 0.067534397 | H8: =QUARTILE($D$108:$D$120,3) -> 0.068383309 | I8: =MAX($D$108:$D$120) -> 0.13418335 | J8: =COUNTIF($D$108:$D$120,"<=0.01")/B8 -> 0 | K8: =COUNTIF($D$108:$D$120,"<=0.02")/B8 -> 0 | L8: =COUNTIF($D$108:$D$120,"<=0.05")/B8 -> 0 | M8: =COUNTIF($D$108:$D$120,">0.10")/B8 -> 0 | N8: =COUNTIF($D$108:$D$120,"<0")/B8 -> 0 | O8: =AVERAGE($F$108:$F$120) -> 19.637472 | P8: =COUNTIF($E$108:$E$120,"vrp_20")/B8 -> 0 | Q8: =COUNTIF($E$108:$E$120,"vrp_50")/B8 -> 0.69230769 | R8: =COUNTIF($E$108:$E$120,"vrp_100")/B8 -> 0.30769231 | S8: =129.615384615384 -> 129.61538 | V8: Nota: gap = custo / BKS - 1. Valores negativos devem ser auditados quanto à métrica de distância e às restrições da instância antes de serem interpretados como melhoria sobre a referência.
A9: X | B9: =COUNT($D$121:$D$220) -> 100 | C9: =AVERAGE($D$121:$D$220) -> 0.09939418 | D9: =STDEV($D$121:$D$220) -> 0.044483976 | E9: =MIN($D$121:$D$220) -> 0.023559804 | F9: =QUARTILE($D$121:$D$220,1) -> 0.065771706 | G9: =MEDIAN($D$121:$D$220) -> 0.093025962 | H9: =QUARTILE($D$121:$D$220,3) -> 0.1243822 | I9: =MAX($D$121:$D$220) -> 0.25213419 | J9: =COUNTIF($D$121:$D$220,"<=0.01")/B9 -> 0 | K9: =COUNTIF($D$121:$D$220,"<=0.02")/B9 -> 0 | L9: =COUNTIF($D$121:$D$220,"<=0.05")/B9 -> 0 | M9: =COUNTIF($D$121:$D$220,">0.10")/B9 -> 0 | N9: =COUNTIF($D$121:$D$220,"<0")/B9 -> 0 | O9: =AVERAGE($F$121:$F$220) -> 13.027292 | P9: =COUNTIF($E$121:$E$220,"vrp_20")/B9 -> 0.01 | Q9: =COUNTIF($E$121:$E$220,"vrp_50")/B9 -> 0.15 | R9: =COUNTIF($E$121:$E$220,"vrp_100")/B9 -> 0.84 | S9: =412.22 -> 412.22
A14: Dados auxiliares por Set | B14: Instância | C14: Linha analítica | D14: Melhor gap | E14: Melhor modelo | F14: Tempo portfólio
A15: A | B15: A-n32-k5 | C15: 2 | D15: =Analise_Instancias!O2 -> 0.01069065 | E15: =Analise_Instancias!P2 -> vrp_20 | F15: =Analise_Instancias!Q2 -> 9.1835077
A16: A | B16: A-n33-k5 | C16: 3 | D16: =Analise_Instancias!O3 -> 0.019843443 | E16: =Analise_Instancias!P3 -> vrp_50 | F16: =Analise_Instancias!Q3 -> 9.1653636
A17: A | B17: A-n33-k6 | C17: 4 | D17: =Analise_Instancias!O4 -> 0.0034561363 | E17: =Analise_Instancias!P4 -> vrp_50 | F17: =Analise_Instancias!Q4 -> 9.1653636
A18: A | B18: A-n34-k5 | C18: 5 | D18: =Analise_Instancias!O5 -> 0.012121362 | E18: =Analise_Instancias!P5 -> vrp_100 | F18: =Analise_Instancias!Q5 -> 9.3210788
A19: A | B19: A-n36-k5 | C19: 6 | D19: =Analise_Instancias!O6 -> 0.013855821 | E19: =Analise_Instancias!P6 -> vrp_100 | F19: =Analise_Instancias!Q6 -> 9.9453456
A20: A | B20: A-n37-k5 | C20: 7 | D20: =Analise_Instancias!O7 -> 0.042508204 | E20: =Analise_Instancias!P7 -> vrp_20 | F20: =Analise_Instancias!Q7 -> 12.016358
A21: A | B21: A-n37-k6 | C21: 8 | D21: =Analise_Instancias!O8 -> 0.0081600595 | E21: =Analise_Instancias!P8 -> vrp_100 | F21: =Analise_Instancias!Q8 -> 12.016358
A22: A | B22: A-n38-k5 | C22: 9 | D22: =Analise_Instancias!O9 -> 0.01318836 | E22: =Analise_Instancias!P9 -> vrp_20 | F22: =Analise_Instancias!Q9 -> 11.472368
A23: A | B23: A-n39-k5 | C23: 10 | D23: =Analise_Instancias!O10 -> 0.013887206 | E23: =Analise_Instancias!P10 -> vrp_50 | F23: =Analise_Instancias!Q10 -> 6.9933622
A24: A | B24: A-n39-k6 | C24: 11 | D24: =Analise_Instancias!O11 -> 0.0051539819 | E24: =Analise_Instancias!P11 -> vrp_50 | F24: =Analise_Instancias!Q11 -> 6.9933622
A25: A | B25: A-n44-k6 | C25: 12 | D25: =Analise_Instancias!O12 -> 0.020404502 | E25: =Analise_Instancias!P12 -> vrp_50 | F25: =Analise_Instancias!Q12 -> 10.425825
A26: A | B26: A-n45-k6 | C26: 13 | D26: =Analise_Instancias!O13 -> 0.050454027 | E26: =Analise_Instancias!P13 -> vrp_50 | F26: =Analise_Instancias!Q13 -> 11.310104
... A220: X | B220: X-n979-k58 | C220: 239 | D220: =Analise_Instancias!O207 -> 0.089035683 | E220: =Analise_Instancias!P207 -> vrp_100 | F220: =Analise_Instancias!Q207 -> 26.362781

Sheet Analise_Tamanho
A1: Faixa | B1: Mín n | C1: Máx n | D1: N | E1: Gap médio | F1: Mediana | G1: Desvio | H1: ≤5% | I1: Tempo médio portfólio | J1: Gap médio vrp_20 | K1: Gap médio vrp_50 | L1: Gap médio vrp_100 | M1: % melhor vrp_20 | N1: % melhor vrp_50 | O1: % melhor vrp_100
A2: ≤50 | B2: 0 | C2: 50 | D2: =COUNT($V$10:$V$56) -> 47 | E2: =AVERAGE($V$10:$V$56) -> 0.016458677 | F2: =MEDIAN($V$10:$V$56) -> 0.012121362 | G2: =STDEV($V$10:$V$56) -> 0.014087857 | H2: =COUNTIF($V$10:$V$56,"<=0.05")/D2 -> 0 | I2: =AVERAGE($Z$10:$Z$56) -> 11.277036 | J2: =AVERAGE($W$10:$W$56) -> 0.023983938 | K2: =AVERAGE($X$10:$X$56) -> 0.027098851 | L2: =AVERAGE($Y$10:$Y$56) -> 0.049098856 | M2: =COUNTIF($AA$10:$AA$56,"vrp_20")/D2 -> 0.40425532 | N2: =COUNTIF($AA$10:$AA$56,"vrp_50")/D2 -> 0.36170213 | O2: =COUNTIF($AA$10:$AA$56,"vrp_100")/D2 -> 0.23404255
A3: 51-100 | B3: 51 | C3: 100 | D3: =COUNT($V$57:$V$106) -> 50 | E3: =AVERAGE($V$57:$V$106) -> 0.034911346 | F3: =MEDIAN($V$57:$V$106) -> 0.030802832 | G3: =STDEV($V$57:$V$106) -> 0.020053114 | H3: =COUNTIF($V$57:$V$106,"<=0.05")/D3 -> 0 | I3: =AVERAGE($Z$57:$Z$106) -> 15.400555 | J3: =AVERAGE($W$57:$W$106) -> 0.065467357 | K3: =AVERAGE($X$57:$X$106) -> 0.041457743 | L3: =AVERAGE($Y$57:$Y$106) -> 0.048253019 | M3: =COUNTIF($AA$57:$AA$106,"vrp_20")/D3 -> 0.16 | N3: =COUNTIF($AA$57:$AA$106,"vrp_50")/D3 -> 0.46 | O3: =COUNTIF($AA$57:$AA$106,"vrp_100")/D3 -> 0.38
A4: 101-200 | B4: 101 | C4: 200 | D4: =COUNT($V$107:$V$136) -> 30 | E4: =AVERAGE($V$107:$V$136) -> 0.064352633 | F4: =MEDIAN($V$107:$V$136) -> 0.057464938 | G4: =STDEV($V$107:$V$136) -> 0.029531501 | H4: =COUNTIF($V$107:$V$136,"<=0.05")/D4 -> 0 | I4: =AVERAGE($Z$107:$Z$136) -> 12.876944 | J4: =AVERAGE($W$107:$W$136) -> 0.1492695 | K4: =AVERAGE($X$107:$X$136) -> 0.079732652 | L4: =AVERAGE($Y$107:$Y$136) -> 0.086650407 | M4: =COUNTIF($AA$107:$AA$136,"vrp_20")/D4 -> 0.033333333 | N4: =COUNTIF($AA$107:$AA$136,"vrp_50")/D4 -> 0.4 | O4: =COUNTIF($AA$107:$AA$136,"vrp_100")/D4 -> 0.56666667
A5: 201-500 | B5: 201 | C5: 500 | D5: =COUNT($V$137:$V$183) -> 47 | E5: =AVERAGE($V$137:$V$183) -> 0.094993955 | F5: =MEDIAN($V$137:$V$183) -> 0.08926368 | G5: =STDEV($V$137:$V$183) -> 0.036907854 | H5: =COUNTIF($V$137:$V$183,"<=0.05")/D5 -> 0 | I5: =AVERAGE($Z$137:$Z$183) -> 11.462978 | J5: =AVERAGE($W$137:$W$183) -> 0.19773821 | K5: =AVERAGE($X$137:$X$183) -> 0.12083221 | L5: =AVERAGE($Y$137:$Y$183) -> 0.096057637 | M5: =COUNTIF($AA$137:$AA$183,"vrp_20")/D5 -> 0 | N5: =COUNTIF($AA$137:$AA$183,"vrp_50")/D5 -> 0.12765957 | O5: =COUNTIF($AA$137:$AA$183,"vrp_100")/D5 -> 0.87234043
A6: >500 | B6: 501 | D6: =COUNT($V$184:$V$215) -> 32 | E6: =AVERAGE($V$184:$V$215) -> 0.13410591 | F6: =MEDIAN($V$184:$V$215) -> 0.12684994 | G6: =STDEV($V$184:$V$215) -> 0.037514534 | H6: =COUNTIF($V$184:$V$215,"<=0.05")/D6 -> 0 | I6: =AVERAGE($Z$184:$Z$215) -> 18.544708 | J6: =AVERAGE($W$184:$W$215) -> 0.28793327 | K6: =AVERAGE($X$184:$X$215) -> 0.1834938 | L6: =AVERAGE($Y$184:$Y$215) -> 0.14522612 | M6: =COUNTIF($AA$184:$AA$215,"vrp_20")/D6 -> 0 | N6: =COUNTIF($AA$184:$AA$215,"vrp_50")/D6 -> 0.125 | O6: =COUNTIF($AA$184:$AA$215,"vrp_100")/D6 -> 0.875
R9: Faixa | S9: Instância | T9: n | U9: Linha analítica | V9: Best gap | W9: Gap20 | X9: Gap50 | Y9: Gap100 | Z9: Tempo portfólio | AA9: Melhor modelo
R10: ≤50 | S10: P-n16-k8 | T10: 15 | U10: 104 | V10: =Analise_Instancias!O72 -> 0.00432685 | W10: =Analise_Instancias!F72 -> 0.00432685 | X10: =Analise_Instancias!I72 -> 0.00432685 | Y10: =Analise_Instancias!L72 -> 0.00432685 | Z10: =Analise_Instancias!Q72 -> 5.4356191 | AA10: =Analise_Instancias!P72 -> vrp_20
R11: ≤50 | S11: P-n19-k2 | T11: 18 | U11: 105 | V11: =Analise_Instancias!O73 -> 0.040769469 | W11: =Analise_Instancias!F73 -> 0.040769469 | X11: =Analise_Instancias!I73 -> 0.040769469 | Y11: =Analise_Instancias!L73 -> 0.040769469 | Z11: =Analise_Instancias!Q73 -> 13.71206 | AA11: =Analise_Instancias!P73 -> vrp_20
R12: ≤50 | S12: P-n20-k2 | T12: 19 | U12: 106 | V12: =Analise_Instancias!O74 -> 0.021394094 | W12: =Analise_Instancias!F74 -> 0.021394094 | X12: =Analise_Instancias!I74 -> 0.048665082 | Y12: =Analise_Instancias!L74 -> 0.17784882 | Z12: =Analise_Instancias!Q74 -> 14.04752 | AA12: =Analise_Instancias!P74 -> vrp_20
R13: ≤50 | S13: P-n21-k2 | T13: 20 | U13: 107 | V13: =Analise_Instancias!O75 -> 0.0081116012 | W13: =Analise_Instancias!F75 -> 0.0081116012 | X13: =Analise_Instancias!I75 -> 0.017711477 | Y13: =Analise_Instancias!L75 -> 0.20933207 | Z13: =Analise_Instancias!Q75 -> 10.827728 | AA13: =Analise_Instancias!P75 -> vrp_20
R14: ≤50 | S14: E-n22-k4 | T14: 21 | U14: 54 | V14: =Analise_Instancias!O54 -> 0.00074609375 | W14: =Analise_Instancias!F54 -> 0.05502889 | X14: =Analise_Instancias!I54 -> 0.022711589 | Y14: =Analise_Instancias!L54 -> 0.00074609375 | Z14: =Analise_Instancias!Q54 -> 9.6456866 | AA14: =Analise_Instancias!P54 -> vrp_100
R15: ≤50 | S15: P-n22-k2 | T15: 21 | U15: 108 | V15: =Analise_Instancias!O76 -> 0.0094944989 | W15: =Analise_Instancias!F76 -> 0.018032922 | X15: =Analise_Instancias!I76 -> 0.0094944989 | Y15: =Analise_Instancias!L76 -> 0.20521786 | Z15: =Analise_Instancias!Q76 -> 10.823854 | AA15: =Analise_Instancias!P76 -> vrp_50
R16: ≤50 | S16: P-n22-k8 | T16: 21 | U16: 109 | V16: =Analise_Instancias!O77 -> 0 | W16: =Analise_Instancias!F77 -> 0 | X16: =Analise_Instancias!I77 -> 0.028903132 | Y16: =Analise_Instancias!L77 -> 0 | Z16: =Analise_Instancias!Q77 -> 10.823854 | AA16: =Analise_Instancias!P77 -> vrp_20
R17: ≤50 | S17: E-n23-k3 | T17: 22 | U17: 55 | V17: =Analise_Instancias!O55 -> 0.0015546266 | W17: =Analise_Instancias!F55 -> 0.0015546266 | X17: =Analise_Instancias!I55 -> 0.039299346 | Y17: =Analise_Instancias!L55 -> 0.0015547338 | Z17: =Analise_Instancias!Q55 -> 5.9792466 | AA17: =Analise_Instancias!P55 -> vrp_20
R18: ≤50 | S18: P-n23-k8 | T18: 22 | U18: 110 | V18: =Analise_Instancias!O78 -> 0.018617107 | W18: =Analise_Instancias!F78 -> 0.023281624 | X18: =Analise_Instancias!I78 -> 0.025000415 | Y18: =Analise_Instancias!L78 -> 0.018617107 | Z18: =Analise_Instancias!Q78 -> 11.126914 | AA18: =Analise_Instancias!P78 -> vrp_100
R19: ≤50 | S19: E-n30-k3 | T19: 29 | U19: 56 | V19: =Analise_Instancias!O56 -> 0 | W19: =Analise_Instancias!F56 -> 0 | X19: =Analise_Instancias!I56 -> 0 | Y19: =Analise_Instancias!L56 -> 0 | Z19: =Analise_Instancias!Q56 -> 4.5576293 | AA19: =Analise_Instancias!P56 -> vrp_20
R20: ≤50 | S20: B-n31-k5 | T20: 30 | U20: 29 | V20: =Analise_Instancias!O29 -> 0.037612552 | W20: =Analise_Instancias!F29 -> 0.037612552 | X20: =Analise_Instancias!I29 -> 0.043772198 | Y20: =Analise_Instancias!L29 -> 0.049654007 | Z20: =Analise_Instancias!Q29 -> 9.9596844 | AA20: =Analise_Instancias!P29 -> vrp_20
R21: ≤50 | S21: A-n32-k5 | T21: 31 | U21: 2 | V21: =Analise_Instancias!O2 -> 0.01069065 | W21: =Analise_Instancias!F2 -> 0.01069065 | X21: =Analise_Instancias!I2 -> 0.061842549 | Y21: =Analise_Instancias!L2 -> 0.062524056 | Z21: =Analise_Instancias!Q2 -> 9.1835077 | AA21: =Analise_Instancias!P2 -> vrp_20
R22: ≤50 | S22: A-n33-k5 | T22: 32 | U22: 3 | V22: =Analise_Instancias!O3 -> 0.019843443 | W22: =Analise_Instancias!F3 -> 0.020963776 | X22: =Analise_Instancias!I3 -> 0.019843443 | Y22: =Analise_Instancias!L3 -> 0.10539534 | Z22: =Analise_Instancias!Q3 -> 9.1653636 | AA22: =Analise_Instancias!P3 -> vrp_50
R23: ≤50 | S23: A-n33-k6 | T23: 32 | U23: 4 | V23: =Analise_Instancias!O4 -> 0.0034561363 | W23: =Analise_Instancias!F4 -> 0.027729456 | X23: =Analise_Instancias!I4 -> 0.0034561363 | Y23: =Analise_Instancias!L4 -> 0.047760832 | Z23: =Analise_Instancias!Q4 -> 9.1653636 | AA23: =Analise_Instancias!P4 -> vrp_50
R24: ≤50 | S24: E-n33-k4 | T24: 32 | U24: 57 | V24: =Analise_Instancias!O57 -> 0.0073740702 | W24: =Analise_Instancias!F57 -> 0.013590007 | X24: =Analise_Instancias!I57 -> 0.0089963627 | Y24: =Analise_Instancias!L57 -> 0.0073740702 | Z24: =Analise_Instancias!Q57 -> 11.987454 | AA24: =Analise_Instancias!P57 -> vrp_100
R25: ≤50 | S25: A-n34-k5 | T25: 33 | U25: 5 | V25: =Analise_Instancias!O5 -> 0.012121362 | W25: =Analise_Instancias!F5 -> 0.031864902 | X25: =Analise_Instancias!I5 -> 0.015708158 | Y25: =Analise_Instancias!L5 -> 0.012121362 | Z25: =Analise_Instancias!Q5 -> 9.3210788 | AA25: =Analise_Instancias!P5 -> vrp_100
R26: ≤50 | S26: B-n34-k5 | T26: 33 | U26: 30 | V26: =Analise_Instancias!O30 -> 0.0087469266 | W26: =Analise_Instancias!F30 -> 0.0089394816 | X26: =Analise_Instancias!I30 -> 0.0087469266 | Y26: =Analise_Instancias!L30 -> 0.016311955 | Z26: =Analise_Instancias!Q30 -> 9.7051272 | AA26: =Analise_Instancias!P30 -> vrp_50
R27: ≤50 | S27: B-n35-k5 | T27: 34 | U27: 31 | V27: =Analise_Instancias!O31 -> 0.016940931 | W27: =Analise_Instancias!F31 -> 0.016940931 | X27: =Analise_Instancias!I31 -> 0.04282348 | Y27: =Analise_Instancias!L31 -> 0.049846741 | Z27: =Analise_Instancias!Q31 -> 9.8264017 | AA27: =Analise_Instancias!P31 -> vrp_20
R28: ≤50 | S28: A-n36-k5 | T28: 35 | U28: 6 | V28: =Analise_Instancias!O6 -> 0.013855821 | W28: =Analise_Instancias!F6 -> 0.02771103 | X28: =Analise_Instancias!I6 -> 0.087094189 | Y28: =Analise_Instancias!L6 -> 0.013855821 | Z28: =Analise_Instancias!Q6 -> 9.9453456 | AA28: =Analise_Instancias!P6 -> vrp_100
R29: ≤50 | S29: A-n37-k5 | T29: 36 | U29: 7 | V29: =Analise_Instancias!O7 -> 0.042508204 | W29: =Analise_Instancias!F7 -> 0.042508204 | X29: =Analise_Instancias!I7 -> 0.044779551 | Y29: =Analise_Instancias!L7 -> 0.10664621 | Z29: =Analise_Instancias!Q7 -> 12.016358 | AA29: =Analise_Instancias!P7 -> vrp_20
R30: ≤50 | S30: A-n37-k6 | T30: 36 | U30: 8 | V30: =Analise_Instancias!O8 -> 0.0081600595 | W30: =Analise_Instancias!F8 -> 0.03449882 | X30: =Analise_Instancias!I8 -> 0.0084613121 | Y30: =Analise_Instancias!L8 -> 0.0081600595 | Z30: =Analise_Instancias!Q8 -> 12.016358 | AA30: =Analise_Instancias!P8 -> vrp_100
R31: ≤50 | S31: A-n38-k5 | T31: 37 | U31: 9 | V31: =Analise_Instancias!O9 -> 0.01318836 | W31: =Analise_Instancias!F9 -> 0.01318836 | X31: =Analise_Instancias!I9 -> 0.05972683 | Y31: =Analise_Instancias!L9 -> 0.036940985 | Z31: =Analise_Instancias!Q9 -> 11.472368 | AA31: =Analise_Instancias!P9 -> vrp_20
R32: ≤50 | S32: B-n38-k6 | T32: 37 | U32: 32 | V32: =Analise_Instancias!O32 -> 0.016213894 | W32: =Analise_Instancias!F32 -> 0.017816503 | X32: =Analise_Instancias!I32 -> 0.019687515 | Y32: =Analise_Instancias!L32 -> 0.016213894 | Z32: =Analise_Instancias!Q32 -> 9.8898654 | AA32: =Analise_Instancias!P32 -> vrp_100
R33: ≤50 | S33: A-n39-k5 | T33: 38 | U33: 10 | V33: =Analise_Instancias!O10 -> 0.013887206 | W33: =Analise_Instancias!F10 -> 0.021533901 | X33: =Analise_Instancias!I10 -> 0.013887206 | Y33: =Analise_Instancias!L10 -> 0.039604688 | Z33: =Analise_Instancias!Q10 -> 6.9933622 | AA33: =Analise_Instancias!P10 -> vrp_50
R34: ≤50 | S34: A-n39-k6 | T34: 38 | U34: 11 | V34: =Analise_Instancias!O11 -> 0.0051539819 | W34: =Analise_Instancias!F11 -> 0.0066954318 | X34: =Analise_Instancias!I11 -> 0.0051539819 | Y34: =Analise_Instancias!L11 -> 0.056693067 | Z34: =Analise_Instancias!Q11 -> 6.9933622 | AA34: =Analise_Instancias!P11 -> vrp_50
R35: ≤50 | S35: B-n39-k5 | T35: 38 | U35: 33 | V35: =Analise_Instancias!O33 -> 0.028609034 | W35: =Analise_Instancias!F33 -> 0.041634204 | X35: =Analise_Instancias!I33 -> 0.028609034 | Y35: =Analise_Instancias!L33 -> 0.09815198 | Z35: =Analise_Instancias!Q33 -> 10.283905 | AA35: =Analise_Instancias!P33 -> vrp_50
R36: ≤50 | S36: P-n40-k5 | T36: 39 | U36: 111 | V36: =Analise_Instancias!O79 -> 0.0081357998 | W36: =Analise_Instancias!F79 -> 0.018163823 | X36: =Analise_Instancias!I79 -> 0.0081357998 | Y36: =Analise_Instancias!L79 -> 0.069035293 | Z36: =Analise_Instancias!Q79 -> 14.461716 | AA36: =Analise_Instancias!P79 -> vrp_50
R37: ≤50 | S37: B-n41-k6 | T37: 40 | U37: 34 | V37: =Analise_Instancias!O34 -> 0.023203814 | W37: =Analise_Instancias!F34 -> 0.023203814 | X37: =Analise_Instancias!I34 -> 0.033829085 | Y37: =Analise_Instancias!L34 -> 0.038913557 | Z37: =Analise_Instancias!Q34 -> 10.636882 | AA37: =Analise_Instancias!P34 -> vrp_20
R38: ≤50 | S38: B-n43-k6 | T38: 42 | U38: 35 | V38: =Analise_Instancias!O35 -> 0.0094216236 | W38: =Analise_Instancias!F35 -> 0.0094216236 | X38: =Analise_Instancias!I35 -> 0.010307456 | Y38: =Analise_Instancias!L35 -> 0.012804551 | Z38: =Analise_Instancias!Q35 -> 13.075326 | AA38: =Analise_Instancias!P35 -> vrp_20
R39: ≤50 | S39: A-n44-k6 | T39: 43 | U39: 12 | V39: =Analise_Instancias!O12 -> 0.020404502 | W39: =Analise_Instancias!F12 -> 0.023767754 | X39: =Analise_Instancias!I12 -> 0.020404502 | Y39: =Analise_Instancias!L12 -> 0.031212415 | Z39: =Analise_Instancias!Q12 -> 10.425825 | AA39: =Analise_Instancias!P12 -> vrp_50
R40: ≤50 | S40: B-n44-k7 | T40: 43 | U40: 36 | V40: =Analise_Instancias!O36 -> 0.027218792 | W40: =Analise_Instancias!F36 -> 0.027218792 | X40: =Analise_Instancias!I36 -> 0.028434191 | Y40: =Analise_Instancias!L36 -> 0.048285859 | Z40: =Analise_Instancias!Q36 -> 11.093324 | AA40: =Analise_Instancias!P36 -> vrp_20
R41: ≤50 | S41: A-n45-k6 | T41: 44 | U41: 13 | V41: =Analise_Instancias!O13 -> 0.050454027 | W41: =Analise_Instancias!F13 -> 0.051153215 | X41: =Analise_Instancias!I13 -> 0.050454027 | Y41: =Analise_Instancias!L13 -> 0.05324451 | Z41: =Analise_Instancias!Q13 -> 11.310104 | AA41: =Analise_Instancias!P13 -> vrp_50
R42: ≤50 | S42: A-n45-k7 | T42: 44 | U42: 14 | V42: =Analise_Instancias!O14 -> 0.011784898 | W42: =Analise_Instancias!F14 -> 0.029613129 | X42: =Analise_Instancias!I14 -> 0.011784898 | Y42: =Analise_Instancias!L14 -> 0.03164071 | Z42: =Analise_Instancias!Q14 -> 11.310104 | AA42: =Analise_Instancias!P14 -> vrp_50
R43: ≤50 | S43: B-n45-k5 | T43: 44 | U43: 37 | V43: =Analise_Instancias!O37 -> 0.019928751 | W43: =Analise_Instancias!F37 -> 0.019928751 | X43: =Analise_Instancias!I37 -> 0.033278627 | Y43: =Analise_Instancias!L37 -> 0.022082455 | Z43: =Analise_Instancias!Q37 -> 11.260767 | AA43: =Analise_Instancias!P37 -> vrp_20
R44: ≤50 | S44: B-n45-k6 | T44: 44 | U44: 38 | V44: =Analise_Instancias!O38 -> 0.064526043 | W44: =Analise_Instancias!F38 -> 0.078860393 | X44: =Analise_Instancias!I38 -> 0.06793555 | Y44: =Analise_Instancias!L38 -> 0.064526043 | Z44: =Analise_Instancias!Q38 -> 11.260767 | AA44: =Analise_Instancias!P38 -> vrp_100
R45: ≤50 | S45: F-n45-k4 | T45: 44 | U45: 64 | V45: =Analise_Instancias!O64 -> 0.0051744998 | W45: =Analise_Instancias!F64 -> 0.049630855 | X45: =Analise_Instancias!I64 -> 0.0051744998 | Y45: =Analise_Instancias!L64 -> 0.014782732 | Z45: =Analise_Instancias!Q64 -> 11.620859 | AA45: =Analise_Instancias!P64 -> vrp_50
R46: ≤50 | S46: P-n45-k5 | T46: 44 | U46: 112 | V46: =Analise_Instancias!O80 -> 0.0086691464 | W46: =Analise_Instancias!F80 -> 0.0086691464 | X46: =Analise_Instancias!I80 -> 0.019381415 | Y46: =Analise_Instancias!L80 -> 0.087568694 | Z46: =Analise_Instancias!Q80 -> 13.977951 | AA46: =Analise_Instancias!P80 -> vrp_20
R47: ≤50 | S47: A-n46-k7 | T47: 45 | U47: 15 | V47: =Analise_Instancias!O15 -> 0.011715879 | W47: =Analise_Instancias!F15 -> 0.014903329 | X47: =Analise_Instancias!I15 -> 0.011715879 | Y47: =Analise_Instancias!L15 -> 0.081151449 | Z47: =Analise_Instancias!Q15 -> 13.134425 | AA47: =Analise_Instancias!P15 -> vrp_50
R48: ≤50 | S48: A-n48-k7 | T48: 47 | U48: 16 | V48: =Analise_Instancias!O16 -> 0.0084231929 | W48: =Analise_Instancias!F16 -> 0.034174568 | X48: =Analise_Instancias!I16 -> 0.028464226 | Y48: =Analise_Instancias!L16 -> 0.0084231929 | Z48: =Analise_Instancias!Q16 -> 10.902099 | AA48: =Analise_Instancias!P16 -> vrp_100
R49: ≤50 | S49: B-n50-k7 | T49: 49 | U49: 39 | V49: =Analise_Instancias!O39 -> 0.018979133 | W49: =Analise_Instancias!F39 -> 0.035068692 | X49: =Analise_Instancias!I39 -> 0.033481037 | Y49: =Analise_Instancias!L39 -> 0.018979133 | Z49: =Analise_Instancias!Q39 -> 11.313071 | AA49: =Analise_Instancias!P39 -> vrp_100
R50: ≤50 | S50: B-n50-k8 | T50: 49 | U50: 40 | V50: =Analise_Instancias!O40 -> 0.0056232359 | W50: =Analise_Instancias!F40 -> 0.0071185973 | X50: =Analise_Instancias!I40 -> 0.0056232359 | Y50: =Analise_Instancias!L40 -> 0.050211651 | Z50: =Analise_Instancias!Q40 -> 11.313071 | AA50: =Analise_Instancias!P40 -> vrp_50
R51: ≤50 | S51: P-n50-k10 | T51: 49 | U51: 113 | V51: =Analise_Instancias!O81 -> 0.039602433 | W51: =Analise_Instancias!F81 -> 0.043423707 | X51: =Analise_Instancias!I81 -> 0.039602433 | Y51: =Analise_Instancias!L81 -> 0.051657315 | Z51: =Analise_Instancias!Q81 -> 20.962139 | AA51: =Analise_Instancias!P81 -> vrp_50
R52: ≤50 | S52: P-n50-k7 | T52: 49 | U52: 114 | V52: =Analise_Instancias!O82 -> 0.018016388 | W52: =Analise_Instancias!F82 -> 0.018016388 | X52: =Analise_Instancias!I82 -> 0.043692799 | Y52: =Analise_Instancias!L82 -> 0.041580806 | Z52: =Analise_Instancias!Q82 -> 20.962139 | AA52: =Analise_Instancias!P82 -> vrp_20
R53: ≤50 | S53: P-n50-k8 | T53: 49 | U53: 115 | V53: =Analise_Instancias!O83 -> 0.018235873 | W53: =Analise_Instancias!F83 -> 0.029729828 | X53: =Analise_Instancias!I83 -> 0.018235873 | Y53: =Analise_Instancias!L83 -> 0.035847272 | Z53: =Analise_Instancias!Q83 -> 20.962139 | AA53: =Analise_Instancias!P83 -> vrp_50
R54: ≤50 | S54: B-n51-k7 | T54: 50 | U54: 41 | V54: =Analise_Instancias!O41 -> 0 | W54: =Analise_Instancias!F41 -> 0 | X54: =Analise_Instancias!I41 -> 0.052835272 | Y54: =Analise_Instancias!L41 -> 0.04242452 | Z54: =Analise_Instancias!Q41 -> 11.532375 | AA54: =Analise_Instancias!P41 -> vrp_20
R55: ≤50 | S55: E-n51-k5 | T55: 50 | U55: 58 | V55: =Analise_Instancias!O58 -> 0.0075371975 | W55: =Analise_Instancias!F58 -> 0.017616667 | X55: =Analise_Instancias!I58 -> 0.0075371975 | Y55: =Analise_Instancias!L58 -> 0.084480388 | Z55: =Analise_Instancias!Q58 -> 11.270206 | AA55: =Analise_Instancias!P58 -> vrp_50
R56: ≤50 | S56: P-n51-k10 | T56: 50 | U56: 116 | V56: =Analise_Instancias!O84 -> 0.033125616 | W56: =Analise_Instancias!F84 -> 0.041143708 | X56: =Analise_Instancias!I84 -> 0.033867263 | Y56: =Analise_Instancias!L84 -> 0.033125616 | Z56: =Analise_Instancias!Q84 -> 12.330393 | AA56: =Analise_Instancias!P84 -> vrp_100
R57: 51-100 | S57: B-n52-k7 | T57: 51 | U57: 42 | V57: =Analise_Instancias!O42 -> 0.014771407 | W57: =Analise_Instancias!F42 -> 0.031258906 | X57: =Analise_Instancias!I42 -> 0.014771407 | Y57: =Analise_Instancias!L42 -> 0.025377715 | Z57: =Analise_Instancias!Q42 -> 11.422984 | AA57: =Analise_Instancias!P42 -> vrp_50
R58: 51-100 | S58: A-n53-k7 | T58: 52 | U58: 17 | V58: =Analise_Instancias!O17 -> 0.013595309 | W58: =Analise_Instancias!F17 -> 0.013595309 | X58: =Analise_Instancias!I17 -> 0.08108732 | Y58: =Analise_Instancias!L17 -> 0.065509456 | Z58: =Analise_Instancias!Q17 -> 11.365095 | AA58: =Analise_Instancias!P17 -> vrp_20
R59: 51-100 | S59: A-n54-k7 | T59: 53 | U59: 18 | V59: =Analise_Instancias!O18 -> 0.0054127253 | W59: =Analise_Instancias!F18 -> 0.045023757 | X59: =Analise_Instancias!I18 -> 0.0054127253 | Y59: =Analise_Instancias!L18 -> 0.020854358 | Z59: =Analise_Instancias!Q18 -> 11.208788 | AA59: =Analise_Instancias!P18 -> vrp_50
R60: 51-100 | S60: A-n55-k9 | T60: 54 | U60: 19 | V60: =Analise_Instancias!O19 -> 0.018314529 | W60: =Analise_Instancias!F19 -> 0.068590774 | X60: =Analise_Instancias!I19 -> 0.018314529 | Y60: =Analise_Instancias!L19 -> 0.067302835 | Z60: =Analise_Instancias!Q19 -> 12.427639 | AA60: =Analise_Instancias!P19 -> vrp_50
R61: 51-100 | S61: P-n55-k10 | T61: 54 | U61: 117 | V61: =Analise_Instancias!O85 -> 0.023745226 | W61: =Analise_Instancias!F85 -> 0.023745226 | X61: =Analise_Instancias!I85 -> 0.030091563 | Y61: =Analise_Instancias!L85 -> 0.028416175 | Z61: =Analise_Instancias!Q85 -> 21.68264 | AA61: =Analise_Instancias!P85 -> vrp_20
R62: 51-100 | S62: P-n55-k15 | T62: 54 | U62: 118 | V62: =Analise_Instancias!O86 -> 0 | W62: =Analise_Instancias!F86 -> 0 | X62: =Analise_Instancias!I86 -> 0 | Y62: =Analise_Instancias!L86 -> 0 | Z62: =Analise_Instancias!Q86 -> 21.68264 | AA62: =Analise_Instancias!P86 -> vrp_20
R63: 51-100 | S63: P-n55-k7 | T63: 54 | U63: 119 | V63: =Analise_Instancias!O87 -> 0.033870966 | W63: =Analise_Instancias!F87 -> 0.045291417 | X63: =Analise_Instancias!I87 -> 0.033870966 | Y63: =Analise_Instancias!L87 -> 0.048375412 | Z63: =Analise_Instancias!Q87 -> 21.68264 | AA63: =Analise_Instancias!P87 -> vrp_50
R64: 51-100 | S64: P-n55-k8 | T64: 54 | U64: 120 | V64: =Analise_Instancias!O88 -> 0.00034378986 | W64: =Analise_Instancias!F88 -> 0.00034378986 | X64: =Analise_Instancias!I88 -> 0.0065496536 | Y64: =Analise_Instancias!L88 -> 0.012547499 | Z64: =Analise_Instancias!Q88 -> 21.68264 | AA64: =Analise_Instancias!P88 -> vrp_20
R65: 51-100 | S65: B-n56-k7 | T65: 55 | U65: 43 | V65: =Analise_Instancias!O43 -> 0.040261103 | W65: =Analise_Instancias!F43 -> 0.057656727 | X65: =Analise_Instancias!I43 -> 0.055039639 | Y65: =Analise_Instancias!L43 -> 0.040261103 | Z65: =Analise_Instancias!Q43 -> 12.893541 | AA65: =Analise_Instancias!P43 -> vrp_100
R66: 51-100 | S66: B-n57-k7 | T66: 56 | U66: 44 | V66: =Analise_Instancias!O44 -> 0.001451398 | W66: =Analise_Instancias!F44 -> 0.091630656 | X66: =Analise_Instancias!I44 -> 0.0043786505 | Y66: =Analise_Instancias!L44 -> 0.001451398 | Z66: =Analise_Instancias!Q44 -> 18.971728 | AA66: =Analise_Instancias!P44 -> vrp_100
R67: 51-100 | S67: B-n57-k9 | T67: 56 | U67: 45 | V67: =Analise_Instancias!O45 -> 0.022957774 | W67: =Analise_Instancias!F45 -> 0.022957774 | X67: =Analise_Instancias!I45 -> 0.04771895 | Y67: =Analise_Instancias!L45 -> 0.029687378 | Z67: =Analise_Instancias!Q45 -> 18.971728 | AA67: =Analise_Instancias!P45 -> vrp_20
R68: 51-100 | S68: A-n60-k9 | T68: 59 | U68: 20 | V68: =Analise_Instancias!O20 -> 0.018867707 | W68: =Analise_Instancias!F20 -> 0.041586849 | X68: =Analise_Instancias!I20 -> 0.023364835 | Y68: =Analise_Instancias!L20 -> 0.018867707 | Z68: =Analise_Instancias!Q20 -> 11.176435 | AA68: =Analise_Instancias!P20 -> vrp_100
R69: 51-100 | S69: P-n60-k10 | T69: 59 | U69: 121 | V69: =Analise_Instancias!O89 -> 0.023817329 | W69: =Analise_Instancias!F89 -> 0.044511857 | X69: =Analise_Instancias!I89 -> 0.023817329 | Y69: =Analise_Instancias!L89 -> 0.041195367 | Z69: =Analise_Instancias!Q89 -> 15.426572 | AA69: =Analise_Instancias!P89 -> vrp_50
R70: 51-100 | S70: P-n60-k15 | T70: 59 | U70: 122 | V70: =Analise_Instancias!O90 -> 0.027607437 | W70: =Analise_Instancias!F90 -> 0.07666747 | X70: =Analise_Instancias!I90 -> 0.027607437 | Y70: =Analise_Instancias!L90 -> 0.052191049 | Z70: =Analise_Instancias!Q90 -> 15.426572 | AA70: =Analise_Instancias!P90 -> vrp_50
R71: 51-100 | S71: A-n61-k9 | T71: 60 | U71: 21 | V71: =Analise_Instancias!O21 -> 0.038405162 | W71: =Analise_Instancias!F21 -> 0.038405162 | X71: =Analise_Instancias!I21 -> 0.038876797 | Y71: =Analise_Instancias!L21 -> 0.052382803 | Z71: =Analise_Instancias!Q21 -> 11.40924 | AA71: =Analise_Instancias!P21 -> vrp_20
R72: 51-100 | S72: A-n62-k8 | T72: 61 | U72: 22 | V72: =Analise_Instancias!O22 -> 0.031584746 | W72: =Analise_Instancias!F22 -> 0.059304847 | X72: =Analise_Instancias!I22 -> 0.031584746 | Y72: =Analise_Instancias!L22 -> 0.038659422 | Z72: =Analise_Instancias!Q22 -> 10.341265 | AA72: =Analise_Instancias!P22 -> vrp_50
R73: 51-100 | S73: A-n63-k10 | T73: 62 | U73: 23 | V73: =Analise_Instancias!O23 -> 0.022325211 | W73: =Analise_Instancias!F23 -> 0.030591526 | X73: =Analise_Instancias!I23 -> 0.033920869 | Y73: =Analise_Instancias!L23 -> 0.022325211 | Z73: =Analise_Instancias!Q23 -> 19.159808 | AA73: =Analise_Instancias!P23 -> vrp_100
R74: 51-100 | S74: A-n63-k9 | T74: 62 | U74: 24 | V74: =Analise_Instancias!O24 -> 0.015008983 | W74: =Analise_Instancias!F24 -> 0.031373581 | X74: =Analise_Instancias!I24 -> 0.038122272 | Y74: =Analise_Instancias!L24 -> 0.015008983 | Z74: =Analise_Instancias!Q24 -> 19.159808 | AA74: =Analise_Instancias!P24 -> vrp_100
R75: 51-100 | S75: B-n63-k10 | T75: 62 | U75: 46 | V75: =Analise_Instancias!O46 -> 0.043290164 | W75: =Analise_Instancias!F46 -> 0.06891065 | X75: =Analise_Instancias!I46 -> 0.043290164 | Y75: =Analise_Instancias!L46 -> 0.066128328 | Z75: =Analise_Instancias!Q46 -> 11.509818 | AA75: =Analise_Instancias!P46 -> vrp_50
R76: 51-100 | S76: A-n64-k9 | T76: 63 | U76: 25 | V76: =Analise_Instancias!O25 -> 0.024218541 | W76: =Analise_Instancias!F25 -> 0.052819415 | X76: =Analise_Instancias!I25 -> 0.031410844 | Y76: =Analise_Instancias!L25 -> 0.024218541 | Z76: =Analise_Instancias!Q25 -> 10.904805 | AA76: =Analise_Instancias!P25 -> vrp_100
